,Year
0,2012
1,2012
2,2012
3,2012
4,2012
5,2012
6,2012
7,2012
8,2012
9,2012
10,2012
11,2012
12,2012
13,2012
14,2012
15,2012
16,2012
17,2012
18,2012
19,2012
20,2012
21,2012
22,2012
23,2012
24,2012
25,2012
26,2012
27,2012
28,2012
29,2012
30,2012
31,2012
32,2012
33,2012
34,2012
35,2012
36,2012
37,2012
38,2012
39,2012
40,2012
41,2012
42,2012
43,2012
44,2012
45,2012
46,2012
47,2012
48,2012
49,2012
50,2012
51,2012
52,2012
53,2012
54,2012
55,2012
56,2012
57,2012
58,2012
59,2012
60,2012
61,2012
62,2012
63,2012
64,2012
65,2012
66,2012
67,2012
68,2012
69,2012
70,2012
71,2012
72,2012
73,2012
74,2012
75,2012
76,2012
77,2012
78,2012
79,2012
80,2012
81,2012
82,2012
83,2012
84,2012
85,2012
86,2012
87,2012
88,2012
89,2012
90,2012
91,2012
92,2012
93,2012
94,2012
95,2012
96,2012
97,2012
98,2012
99,2012
100,2012
101,2012
102,2012
103,2012
104,2012
105,2012
106,2012
107,2012
108,2012
109,2012
110,2012
111,2012
112,2012
113,2012
114,2012
115,2012
116,2012
117,2012
118,2012
119,2012
120,2012
121,2012
122,2012
123,2012
124,2012
125,2012
126,2012
127,2012
128,2012
129,2012
130,2012
131,2012
132,2012
133,2012
134,2012
135,2012
136,2012
137,2012
138,2012
139,2012
140,2012
141,2012
142,2012
143,2012
144,2012
145,2012
146,2012
147,2012
148,2012
149,2012
150,2012
151,2012
152,2012
153,2012
154,2012
155,2012
156,2012
157,2012
158,2012
159,2012
160,2012
161,2012
162,2012
163,2012
164,2012
165,2012
166,2012
167,2012
168,2012
169,2012
170,2012
171,2012
172,2012
173,2012
174,2012
175,2012
176,2012
177,2012
178,2012
179,2012
180,2012
181,2012
182,2012
183,2012
184,2012
185,2012
186,2012
187,2012
188,2012
189,2012
190,2012
191,2012
192,2012
193,2012
194,2012
195,2012
196,2012
197,2012
198,2012
199,2012
200,2012
201,2012
202,2012
203,2012
204,2012
205,2012
206,2012
207,2012
208,2012
209,2012
210,2012
211,2012
212,2012
213,2012
214,2012
215,2012
216,2012
217,2012
218,2012
219,2012
220,2012
221,2012
222,2012
223,2012
224,2012
225,2012
226,2012
227,2012
228,2012
229,2012
230,2012
231,2012
232,2012
233,2012
234,2012
235,2012
236,2012
237,2012
238,2012
239,2012
240,2012
241,2012
242,2012
243,2012
244,2012
245,2012
246,2012
247,2012
248,2012
249,2012
250,2012
251,2012
252,2012
253,2012
254,2012
255,2012
256,2012
257,2012
258,2012
259,2012
260,2012
261,2012
262,2012
263,2012
264,2012
265,2012
266,2012
267,2012
268,2012
269,2012
270,2012
271,2012
272,2012
273,2012
274,2012
275,2012
276,2012
277,2012
278,2012
279,2012
280,2012
281,2012
282,2012
283,2012
284,2012
285,2012
286,2012
287,2012
288,2012
289,2012
290,2012
291,2012
292,2012
293,2012
294,2012
295,2012
296,2012
297,2012
298,2012
299,2012
300,2012
301,2012
302,2012
303,2012
304,2012
305,2012
306,2012
307,2012
308,2012
309,2012
310,2012
311,2012
312,2012
313,2012
314,2011
315,2011
316,2011
317,2011
318,2011
319,2011
320,2011
321,2011
322,2011
323,2011
324,2011
325,2011
326,2011
327,2011
328,2011
329,2011
330,2011
331,2011
332,2011
333,2011
334,2011
335,2011
336,2011
337,2011
338,2011
339,2011
340,2011
341,2011
342,2011
343,2011
344,2011
345,2011
346,2011
347,2011
348,2011
349,2011
350,2011
351,2011
352,2011
353,2011
354,2011
355,2011
356,2011
357,2011
358,2011
359,2011
360,2011
361,2011
362,2011
363,2011
364,2011
365,2011
366,2011
367,2011
368,2011
369,2011
370,2011
371,2011
372,2011
373,2011
374,2011
375,2011
376,2011
377,2011
378,2011
379,2011
380,2011
381,2011
382,2011
383,2011
384,2011
385,2011
386,2011
387,2011
388,2011
389,2011
390,2011
391,2011
392,2011
393,2011
394,2011
395,2011
396,2011
397,2011
398,2011
399,2011
400,2011
401,2011
402,2011
403,2011
404,2011
405,2011
406,2011
407,2011
408,2011
409,2011
410,2011
411,2011
412,2011
413,2011
414,2011
415,2011
416,2011
417,2011
418,2011
419,2011
420,2011
421,2011
422,2011
423,2011
424,2011
425,2011
426,2011
427,2011
428,2011
429,2011
430,2011
431,2011
432,2011
433,2011
434,2011
435,2011
436,2011
437,2011
438,2011
439,2011
440,2011
441,2011
442,2011
443,2011
444,2011
445,2011
446,2011
447,2011
448,2011
449,2011
450,2011
451,2011
452,2011
453,2011
454,2011
455,2011
456,2011
457,2011
458,2011
459,2011
460,2011
461,2011
462,2011
463,2011
464,2011
465,2011
466,2011
467,2011
468,2011
469,2011
470,2011
471,2011
472,2011
473,2011
474,2011
475,2011
476,2011
477,2011
478,2011
479,2011
480,2011
481,2011
482,2011
483,2011
484,2011
485,2011
486,2011
487,2011
488,2011
489,2011
490,2011
491,2011
492,2011
493,2011
494,2011
495,2011
496,2011
497,2011
498,2011
499,2011
500,2011
501,2011
502,2011
503,2011
504,2011
505,2011
506,2011
507,2011
508,2011
509,2011
510,2011
511,2011
512,2011
513,2011
514,2011
515,2011
516,2011
517,2011
518,2011
519,2011
520,2011
521,2011
522,2011
523,2011
524,2011
525,2011
526,2011
527,2011
528,2011
529,2011
530,2011
531,2011
532,2011
533,2011
534,2011
535,2011
536,2011
537,2011
538,2011
539,2011
540,2011
541,2011
542,2011
543,2011
544,2011
545,2011
546,2011
547,2011
548,2011
549,2011
550,2011
551,2011
552,2011
553,2011
554,2011
555,2011
556,2011
557,2011
558,2011
559,2011
560,2011
561,2011
562,2011
563,2011
564,2011
565,2011
566,2011
567,2011
568,2011
569,2011
570,2011
571,2011
572,2011
573,2011
574,2011
575,2011
576,2011
577,2011
578,2011
579,2011
580,2011
581,2011
582,2011
583,2011
584,2011
585,2011
586,2011
587,2011
588,2011
589,2010
590,2010
591,2010
592,2010
593,2010
594,2010
595,2010
596,2010
597,2010
598,2010
599,2010
600,2010
601,2010
602,2010
603,2010
604,2010
605,2010
606,2010
607,2010
608,2010
609,2010
610,2010
611,2010
612,2010
613,2010
614,2010
615,2010
616,2010
617,2010
618,2010
619,2010
620,2010
621,2010
622,2010
623,2010
624,2010
625,2010
626,2010
627,2010
628,2010
629,2010
630,2010
631,2010
632,2010
633,2010
634,2010
635,2010
636,2010
637,2010
638,2010
639,2010
640,2010
641,2010
642,2010
643,2010
644,2010
645,2010
646,2010
647,2010
648,2010
649,2010
650,2010
651,2010
652,2010
653,2010
654,2010
655,2010
656,2010
657,2010
658,2010
659,2010
660,2010
661,2010
662,2010
663,2010
664,2010
665,2010
666,2010
667,2010
668,2010
669,2010
670,2010
671,2010
672,2010
673,2010
674,2010
675,2010
676,2010
677,2010
678,2010
679,2010
680,2010
681,2010
682,2010
683,2010
684,2010
685,2010
686,2010
687,2010
688,2010
689,2010
690,2010
691,2010
692,2010
693,2010
694,2010
695,2010
696,2010
697,2010
698,2010
699,2010
700,2010
701,2010
702,2010
703,2010
704,2010
705,2010
706,2010
707,2010
708,2010
709,2010
710,2010
711,2010
712,2010
713,2010
714,2010
715,2010
716,2010
717,2010
718,2010
719,2010
720,2010
721,2010
722,2010
723,2010
724,2010
725,2010
726,2010
727,2010
728,2010
729,2010
730,2010
731,2010
732,2010
733,2010
734,2010
735,2010
736,2010
737,2010
738,2010
739,2010
740,2010
741,2010
742,2010
743,2010
744,2010
745,2010
746,2010
747,2010
748,2010
749,2010
750,2010
751,2010
752,2010
753,2010
754,2010
755,2010
756,2010
757,2010
758,2010
759,2010
760,2010
761,2010
762,2010
763,2010
764,2010
765,2010
766,2010
767,2010
768,2010
769,2010
770,2010
771,2010
772,2010
773,2010
774,2010
775,2010
776,2010
777,2010
778,2010
779,2010
780,2010
781,2010
782,2010
783,2010
784,2010
785,2010
786,2010
787,2010
788,2010
789,2010
790,2010
791,2010
792,2010
793,2010
794,2010
795,2010
796,2010
797,2010
798,2010
799,2010
800,2010
801,2010
802,2010
803,2010
804,2010
805,2010
806,2010
807,2010
808,2010
809,2010
810,2010
811,2010
812,2010
813,2010
814,2010
815,2010
816,2010
817,2010
818,2010
819,2010
820,2010
821,2010
822,2010
823,2010
824,2010
825,2010
826,2010
827,2010
828,2010
829,2010
830,2010
831,2010
832,2010
833,2010
834,2010
835,2010
836,2010
837,2010
838,2010
839,2010
840,2010
841,2010
842,2010
843,2010
844,2010
845,2010
846,2010
847,2010
848,2010
849,2010
850,2010
851,2010
852,2010
853,2010
854,2010
855,2010
856,2010
857,2009
858,2009
859,2009
860,2009
861,2009
862,2009
863,2009
864,2009
865,2009
866,2009
867,2009
868,2009
869,2009
870,2009
871,2009
872,2009
873,2009
874,2009
875,2009
876,2009
877,2009
878,2009
879,2009
880,2009
881,2009
882,2009
883,2009
884,2009
885,2009
886,2009
887,2009
888,2009
889,2009
890,2009
891,2009
892,2009
893,2009
894,2009
895,2009
896,2009
897,2009
898,2009
899,2009
900,2009
901,2009
902,2009
903,2009
904,2009
905,2009
906,2009
907,2009
908,2009
909,2009
910,2009
911,2009
912,2009
913,2009
914,2009
915,2009
916,2009
917,2009
918,2009
919,2009
920,2009
921,2009
922,2009
923,2009
924,2009
925,2009
926,2009
927,2009
928,2009
929,2009
930,2009
931,2009
932,2009
933,2009
934,2009
935,2009
936,2009
937,2009
938,2009
939,2009
940,2009
941,2009
942,2009
943,2009
944,2009
945,2009
946,2009
947,2009
948,2009
949,2009
950,2009
951,2009
952,2009
953,2009
954,2009
955,2009
956,2009
957,2009
958,2009
959,2009
960,2009
961,2009
962,2009
963,2009
964,2009
965,2009
966,2009
967,2009
968,2009
969,2009
970,2009
971,2009
972,2009
973,2009
974,2009
975,2009
976,2009
977,2009
978,2009
979,2009
980,2009
981,2009
982,2009
983,2009
984,2009
985,2009
986,2009
987,2009
988,2009
989,2009
990,2009
991,2009
992,2009
993,2009
994,2009
995,2009
996,2009
997,2009
998,2009
999,2009
1000,2009
1001,2009
1002,2009
1003,2009
1004,2009
1005,2009
1006,2009
1007,2009
1008,2009
1009,2009
1010,2009
1011,2009
1012,2009
1013,2009
1014,2009
1015,2009
1016,2009
1017,2009
1018,2009
1019,2009
1020,2009
1021,2009
1022,2009
1023,2009
1024,2009
1025,2009
1026,2009
1027,2009
1028,2009
1029,2009
1030,2009
1031,2009
1032,2009
1033,2009
1034,2009
1035,2009
1036,2009
1037,2009
1038,2009
1039,2009
1040,2009
1041,2009
1042,2009
1043,2009
1044,2009
1045,2009
1046,2009
1047,2009
1048,2009
1049,2009
1050,2009
1051,2009
1052,2009
1053,2009
1054,2009
1055,2009
1056,2009
1057,2009
1058,2009
1059,2009
1060,2009
1061,2009
1062,2009
1063,2009
1064,2009
1065,2009
1066,2009
1067,2009
1068,2009
1069,2009
1070,2009
1071,2009
1072,2009
1073,2009
1074,2009
1075,2009
1076,2009
1077,2009
1078,2009
1079,2009
1080,2009
1081,2009
1082,2009
1083,2009
1084,2009
1085,2009
1086,2009
1087,2009
1088,2009
1089,2009
1090,2009
1091,2009
1092,2009
1093,2009
1094,2009
1095,2009
1096,2008
1097,2008
1098,2008
1099,2008
1100,2008
1101,2008
1102,2008
1103,2008
1104,2008
1105,2008
1106,2008
1107,2008
1108,2008
1109,2008
1110,2008
1111,2008
1112,2008
1113,2008
1114,2008
1115,2008
1116,2008
1117,2008
1118,2008
1119,2008
1120,2008
1121,2008
1122,2008
1123,2008
1124,2008
1125,2008
1126,2008
1127,2008
1128,2008
1129,2008
1130,2008
1131,2008
1132,2008
1133,2008
1134,2008
1135,2008
1136,2008
1137,2008
1138,2008
1139,2008
1140,2008
1141,2008
1142,2008
1143,2008
1144,2008
1145,2008
1146,2008
1147,2008
1148,2008
1149,2008
1150,2008
1151,2008
1152,2008
1153,2008
1154,2008
1155,2008
1156,2008
1157,2008
1158,2008
1159,2008
1160,2008
1161,2008
1162,2008
1163,2008
1164,2008
1165,2008
1166,2008
1167,2008
1168,2008
1169,2008
1170,2008
1171,2008
1172,2008
1173,2008
1174,2008
1175,2008
1176,2008
1177,2008
1178,2008
1179,2008
1180,2008
1181,2008
1182,2008
1183,2008
1184,2008
1185,2008
1186,2008
1187,2008
1188,2008
1189,2008
1190,2008
1191,2008
1192,2008
1193,2008
1194,2008
1195,2008
1196,2008
1197,2008
1198,2008
1199,2008
1200,2008
1201,2008
1202,2008
1203,2008
1204,2008
1205,2008
1206,2008
1207,2008
1208,2008
1209,2008
1210,2008
1211,2008
1212,2008
1213,2008
1214,2008
1215,2008
1216,2008
1217,2008
1218,2008
1219,2008
1220,2008
1221,2008
1222,2008
1223,2008
1224,2008
1225,2008
1226,2008
1227,2008
1228,2008
1229,2008
1230,2008
1231,2008
1232,2008
1233,2008
1234,2008
1235,2008
1236,2008
1237,2008
1238,2008
1239,2008
1240,2008
1241,2008
1242,2008
1243,2008
1244,2008
1245,2008
1246,2008
1247,2008
1248,2008
1249,2008
1250,2008
1251,2008
1252,2008
1253,2008
1254,2008
1255,2008
1256,2008
1257,2008
1258,2008
1259,2008
1260,2008
1261,2008
1262,2008
1263,2008
1264,2008
1265,2008
1266,2008
1267,2008
1268,2008
1269,2008
1270,2008
1271,2008
1272,2008
1273,2008
1274,2008
1275,2008
1276,2008
1277,2008
1278,2008
1279,2008
1280,2008
1281,2008
1282,2008
1283,2008
1284,2008
1285,2008
1286,2008
1287,2008
1288,2008
1289,2008
1290,2008
1291,2008
1292,2008
1293,2008
1294,2008
1295,2008
1296,2008
1297,2008
1298,2008
1299,2008
1300,2008
1301,2008
1302,2008
1303,2008
1304,2008
1305,2008
1306,2008
1307,2008
1308,2008
1309,2008
1310,2008
1311,2008
1312,2007
1313,2007
1314,2007
1315,2007
1316,2007
1317,2007
1318,2007
1319,2007
1320,2007
1321,2007
1322,2007
1323,2007
1324,2007
1325,2007
1326,2007
1327,2007
1328,2007
1329,2007
1330,2007
1331,2007
1332,2007
1333,2007
1334,2007
1335,2007
1336,2007
1337,2007
1338,2007
1339,2007
1340,2007
1341,2007
1342,2007
1343,2007
1344,2007
1345,2007
1346,2007
1347,2007
1348,2007
1349,2007
1350,2007
1351,2007
1352,2007
1353,2007
1354,2007
1355,2007
1356,2007
1357,2007
1358,2007
1359,2007
1360,2007
1361,2007
1362,2007
1363,2007
1364,2007
1365,2007
1366,2007
1367,2007
1368,2007
1369,2007
1370,2007
1371,2007
1372,2007
1373,2007
1374,2007
1375,2007
1376,2007
1377,2007
1378,2007
1379,2007
1380,2007
1381,2007
1382,2007
1383,2007
1384,2007
1385,2007
1386,2007
1387,2007
1388,2007
1389,2007
1390,2007
1391,2007
1392,2007
1393,2007
1394,2007
1395,2007
1396,2007
1397,2007
1398,2007
1399,2007
1400,2007
1401,2007
1402,2007
1403,2007
1404,2007
1405,2007
1406,2007
1407,2007
1408,2007
1409,2007
1410,2007
1411,2007
1412,2007
1413,2007
1414,2007
1415,2007
1416,2007
1417,2007
1418,2007
1419,2007
1420,2007
1421,2007
1422,2007
1423,2007
1424,2007
1425,2007
1426,2007
1427,2007
1428,2007
1429,2007
1430,2007
1431,2007
1432,2007
1433,2007
1434,2007
1435,2007
1436,2007
1437,2007
1438,2007
1439,2007
1440,2007
1441,2007
1442,2007
1443,2007
1444,2007
1445,2007
1446,2007
1447,2007
1448,2007
1449,2007
1450,2007
1451,2007
1452,2007
1453,2007
1454,2007
1455,2007
1456,2007
1457,2007
1458,2007
1459,2007
1460,2007
1461,2007
1462,2007
1463,2007
1464,2007
1465,2007
1466,2007
1467,2007
1468,2007
1469,2007
1470,2007
1471,2007
1472,2007
1473,2007
1474,2007
1475,2007
1476,2007
1477,2007
1478,2007
1479,2007
1480,2007
1481,2007
1482,2007
1483,2007
1484,2007
1485,2007
1486,2007
1487,2007
1488,2007
1489,2007
1490,2007
1491,2007
1492,2007
1493,2007
1494,2007
1495,2007
1496,2007
1497,2007
1498,2007
1499,2007
1500,2007
1501,2007
1502,2007
1503,2007
1504,2007
1505,2007
1506,2007
1507,2007
1508,2007
1509,2007
1510,2007
1511,2007
1512,2006
1513,2006
1514,2006
1515,2006
1516,2006
1517,2006
1518,2006
1519,2006
1520,2006
1521,2006
1522,2006
1523,2006
1524,2006
1525,2006
1526,2006
1527,2006
1528,2006
1529,2006
1530,2006
1531,2006
1532,2006
1533,2006
1534,2006
1535,2006
1536,2006
1537,2006
1538,2006
1539,2006
1540,2006
1541,2006
1542,2006
1543,2006
1544,2006
1545,2006
1546,2006
1547,2006
1548,2006
1549,2006
1550,2006
1551,2006
1552,2006
1553,2006
1554,2006
1555,2006
1556,2006
1557,2006
1558,2006
1559,2006
1560,2006
1561,2006
1562,2006
1563,2006
1564,2006
1565,2006
1566,2006
1567,2006
1568,2006
1569,2006
1570,2006
1571,2006
1572,2006
1573,2006
1574,2006
1575,2006
1576,2006
1577,2006
1578,2006
1579,2006
1580,2006
1581,2006
1582,2006
1583,2006
1584,2006
1585,2006
1586,2006
1587,2006
1588,2006
1589,2006
1590,2006
1591,2006
1592,2006
1593,2006
1594,2006
1595,2006
1596,2006
1597,2006
1598,2006
1599,2006
1600,2006
1601,2006
1602,2006
1603,2006
1604,2006
1605,2006
1606,2006
1607,2006
1608,2006
1609,2006
1610,2006
1611,2006
1612,2006
1613,2006
1614,2006
1615,2006
1616,2006
1617,2006
1618,2006
1619,2006
1620,2006
1621,2006
1622,2006
1623,2006
1624,2006
1625,2006
1626,2006
1627,2006
1628,2006
1629,2006
1630,2006
1631,2006
1632,2006
1633,2006
1634,2006
1635,2006
1636,2006
1637,2006
1638,2006
1639,2006
1640,2006
1641,2006
1642,2006
1643,2006
1644,2006
1645,2006
1646,2006
1647,2006
1648,2006
1649,2006
1650,2006
1651,2006
1652,2006
1653,2006
1654,2006
1655,2006
1656,2006
1657,2006
1658,2006
1659,2006
1660,2006
1661,2006
1662,2006
1663,2006
1664,2006
1665,2006
1666,2006
1667,2006
1668,2006
1669,2006
1670,2006
1671,2006
1672,2006
1673,2006
1674,2006
1675,2006
1676,2006
1677,2006
1678,2006
1679,2006
1680,2006
1681,2006
1682,2006
1683,2006
1684,2006
1685,2006
1686,2006
1687,2006
1688,2006
1689,2006
1690,2006
1691,2006
1692,2006
1693,2006
1694,2006
1695,2006
1696,2006
1697,2006
1698,2006
1699,2006
1700,2006
1701,2006
1702,2005
1703,2005
1704,2005
1705,2005
1706,2005
1707,2005
1708,2005
1709,2005
1710,2005
1711,2005
1712,2005
1713,2005
1714,2005
1715,2005
1716,2005
1717,2005
1718,2005
1719,2005
1720,2005
1721,2005
1722,2005
1723,2005
1724,2005
1725,2005
1726,2005
1727,2005
1728,2005
1729,2005
1730,2005
1731,2005
1732,2005
1733,2005
1734,2005
1735,2005
1736,2005
1737,2005
1738,2005
1739,2005
1740,2005
1741,2005
1742,2005
1743,2005
1744,2005
1745,2005
1746,2005
1747,2005
1748,2005
1749,2005
1750,2005
1751,2005
1752,2005
1753,2005
1754,2005
1755,2005
1756,2005
1757,2005
1758,2005
1759,2005
1760,2005
1761,2005
1762,2005
1763,2005
1764,2005
1765,2005
1766,2005
1767,2005
1768,2005
1769,2005
1770,2005
1771,2005
1772,2005
1773,2005
1774,2005
1775,2005
1776,2005
1777,2005
1778,2005
1779,2005
1780,2005
1781,2005
1782,2005
1783,2005
1784,2005
1785,2005
1786,2005
1787,2005
1788,2005
1789,2005
1790,2005
1791,2005
1792,2005
1793,2005
1794,2005
1795,2005
1796,2005
1797,2005
1798,2005
1799,2005
1800,2005
1801,2005
1802,2005
1803,2005
1804,2005
1805,2005
1806,2005
1807,2005
1808,2005
1809,2005
1810,2005
1811,2005
1812,2005
1813,2005
1814,2005
1815,2005
1816,2005
1817,2005
1818,2005
1819,2005
1820,2005
1821,2005
1822,2005
1823,2005
1824,2005
1825,2005
1826,2005
1827,2005
1828,2005
1829,2005
1830,2005
1831,2005
1832,2005
1833,2005
1834,2005
1835,2005
1836,2005
1837,2005
1838,2005
1839,2005
1840,2005
1841,2005
1842,2005
1843,2005
1844,2005
1845,2005
1846,2005
1847,2004
1848,2004
1849,2004
1850,2004
1851,2004
1852,2004
1853,2004
1854,2004
1855,2004
1856,2004
1857,2004
1858,2004
1859,2004
1860,2004
1861,2004
1862,2004
1863,2004
1864,2004
1865,2004
1866,2004
1867,2004
1868,2004
1869,2004
1870,2004
1871,2004
1872,2004
1873,2004
1874,2004
1875,2004
1876,2004
1877,2004
1878,2004
1879,2004
1880,2004
1881,2004
1882,2004
1883,2004
1884,2004
1885,2004
1886,2004
1887,2004
1888,2004
1889,2004
1890,2004
1891,2004
1892,2004
1893,2004
1894,2004
1895,2004
1896,2004
1897,2004
1898,2004
1899,2004
1900,2004
1901,2004
1902,2004
1903,2004
1904,2004
1905,2004
1906,2004
1907,2004
1908,2004
1909,2004
1910,2004
1911,2004
1912,2004
1913,2004
1914,2004
1915,2004
1916,2004
1917,2004
1918,2004
1919,2004
1920,2004
1921,2004
1922,2004
1923,2004
1924,2004
1925,2004
1926,2004
1927,2004
1928,2004
1929,2004
1930,2004
1931,2004
1932,2004
1933,2004
1934,2004
1935,2004
1936,2004
1937,2004
1938,2004
1939,2004
1940,2004
1941,2004
1942,2004
1943,2004
1944,2004
1945,2004
1946,2004
1947,2004
1948,2004
1949,2004
1950,2004
1951,2004
1952,2004
1953,2004
1954,2004
1955,2004
1956,2004
1957,2004
1958,2004
1959,2004
1960,2004
1961,2004
1962,2004
1963,2004
1964,2004
1965,2004
1966,2004
1967,2004
1968,2004
1969,2004
1970,2004
1971,2004
1972,2004
1973,2004
1974,2004
1975,2004
1976,2004
1977,2004
1978,2004
1979,2004
1980,2004
1981,2004
1982,2004
1983,2004
1984,2004
1985,2004
1986,2004
1987,2004
1988,2004
1989,2003
1990,2003
1991,2003
1992,2003
1993,2003
1994,2003
1995,2003
1996,2003
1997,2003
1998,2003
1999,2003
2000,2003
2001,2003
2002,2003
2003,2003
2004,2003
2005,2003
2006,2003
2007,2003
2008,2003
2009,2003
2010,2003
2011,2003
2012,2003
2013,2003
2014,2003
2015,2003
2016,2003
2017,2003
2018,2003
2019,2003
2020,2003
2021,2003
2022,2003
2023,2003
2024,2003
2025,2003
2026,2003
2027,2003
2028,2003
2029,2003
2030,2003
2031,2003
2032,2003
2033,2003
2034,2003
2035,2003
2036,2003
2037,2003
2038,2003
2039,2003
2040,2003
2041,2003
2042,2003
2043,2003
2044,2003
2045,2003
2046,2003
2047,2003
2048,2003
2049,2003
2050,2003
2051,2003
2052,2003
2053,2003
2054,2003
2055,2003
2056,2003
2057,2003
2058,2003
2059,2003
2060,2003
2061,2003
2062,2003
2063,2003
2064,2003
2065,2003
2066,2003
2067,2003
2068,2003
2069,2003
2070,2003
2071,2003
2072,2003
2073,2003
2074,2003
2075,2003
2076,2003
2077,2003
2078,2003
2079,2003
2080,2003
2081,2003
2082,2003
2083,2003
2084,2003
2085,2003
2086,2003
2087,2003
2088,2003
2089,2003
2090,2003
2091,2003
2092,2003
2093,2003
2094,2003
2095,2003
2096,2003
2097,2003
2098,2003
2099,2003
2100,2003
2101,2003
2102,2003
2103,2003
2104,2003
2105,2003
2106,2003
2107,2003
2108,2003
2109,2003
2110,2003
2111,2003
2112,2003
2113,2003
2114,2003
2115,2003
2116,2003
2117,2003
2118,2002
2119,2002
2120,2002
2121,2002
2122,2002
2123,2002
2124,2002
2125,2002
2126,2002
2127,2002
2128,2002
2129,2002
2130,2002
2131,2002
2132,2002
2133,2002
2134,2002
2135,2002
2136,2002
2137,2002
2138,2002
2139,2002
2140,2002
2141,2002
2142,2002
2143,2002
2144,2002
2145,2002
2146,2002
2147,2002
2148,2002
2149,2002
2150,2002
2151,2002
2152,2002
2153,2002
2154,2002
2155,2002
2156,2002
2157,2002
2158,2002
2159,2002
2160,2002
2161,2002
2162,2002
2163,2002
2164,2002
2165,2002
2166,2002
2167,2002
2168,2002
2169,2002
2170,2002
2171,2002
2172,2002
2173,2002
2174,2002
2175,2002
2176,2002
2177,2002
2178,2002
2179,2002
2180,2002
2181,2002
2182,2002
2183,2002
2184,2002
2185,2002
2186,2002
2187,2002
2188,2002
2189,2002
2190,2002
2191,2002
2192,2002
2193,2002
2194,2002
2195,2002
2196,2002
2197,2002
2198,2002
2199,2002
2200,2002
2201,2002
2202,2002
2203,2002
2204,2002
2205,2002
2206,2002
2207,2002
2208,2002
2209,2002
2210,2002
2211,2002
2212,2002
2213,2002
2214,2002
2215,2002
2216,2002
2217,2002
2218,2002
2219,2002
2220,2002
2221,2002
2222,2002
2223,2002
2224,2002
2225,2002
2226,2002
2227,2002
2228,2002
2229,2001
2230,2001
2231,2001
2232,2001
2233,2001
2234,2001
2235,2001
2236,2001
2237,2001
2238,2001
2239,2001
2240,2001
2241,2001
2242,2001
2243,2001
2244,2001
2245,2001
2246,2001
2247,2001
2248,2001
2249,2001
2250,2001
2251,2001
2252,2001
2253,2001
2254,2001
2255,2001
2256,2001
2257,2001
2258,2001
2259,2001
2260,2001
2261,2001
2262,2001
2263,2001
2264,2001
2265,2001
2266,2001
2267,2001
2268,2001
2269,2001
2270,2001
2271,2001
2272,2001
2273,2001
2274,2001
2275,2001
2276,2001
2277,2001
2278,2001
2279,2001
2280,2001
2281,2001
2282,2001
2283,2001
2284,2001
2285,2001
2286,2001
2287,2001
2288,2001
2289,2001
2290,2001
2291,2001
2292,2001
2293,2001
2294,2001
2295,2001
2296,2001
2297,2001
2298,2001
2299,2001
2300,2001
2301,2001
2302,2001
2303,2001
2304,2001
2305,2001
2306,2001
2307,2001
2308,2001
2309,2001
2310,2001
2311,2001
2312,2001
2313,2001
2314,2001
2315,2001
2316,2001
2317,2001
2318,2001
2319,2001
2320,2001
2321,2001
2322,2001
2323,2001
2324,2001
2325,2001
2326,2001
2327,2001
2328,2001
2329,2001
2330,2001
2331,2001
2332,2001
2333,2001
2334,2001
2335,2001
2336,2001
2337,2001
2338,2001
2339,2001
2340,2001
2341,2001
2342,2001
2343,2001
2344,2001
2345,2001
2346,2001
2347,2001
2348,2001
2349,2001
2350,2000
2351,2000
2352,2000
2353,2000
2354,2000
2355,2000
2356,2000
2357,2000
2358,2000
2359,2000
2360,2000
2361,2000
2362,2000
2363,2000
2364,2000
2365,2000
2366,2000
2367,2000
2368,2000
2369,2000
2370,2000
2371,2000
2372,2000
2373,2000
2374,2000
2375,2000
2376,2000
2377,2000
2378,2000
2379,2000
2380,2000
2381,2000
2382,2000
2383,2000
2384,2000
2385,2000
2386,2000
2387,2000
2388,2000
2389,2000
2390,2000
2391,2000
2392,2000
2393,2000
2394,2000
2395,2000
2396,2000
2397,2000
2398,2000
2399,2000
2400,2000
2401,2000
2402,2000
2403,2000
2404,2000
2405,2000
2406,2000
2407,2000
2408,2000
2409,2000
2410,2000
2411,2000
2412,2000
2413,2000
2414,2000
2415,2000
2416,2000
2417,2000
2418,2000
2419,2000
2420,2000
2421,2000
2422,2000
2423,2000
2424,2000
2425,2000
2426,2000
2427,1999
2428,1999
2429,1999
2430,1999
2431,1999
2432,1999
2433,1999
2434,1999
2435,1999
2436,1999
2437,1999
2438,1999
2439,1999
2440,1999
2441,1999
2442,1999
2443,1999
2444,1999
2445,1999
2446,1999
2447,1999
2448,1999
2449,1999
2450,1999
2451,1999
2452,1999
2453,1999
2454,1999
2455,1999
2456,1999
2457,1999
2458,1999
2459,1999
2460,1999
2461,1999
2462,1999
2463,1999
2464,1999
2465,1999
2466,1999
2467,1999
2468,1999
2469,1999
2470,1999
2471,1999
2472,1999
2473,1999
2474,1999
2475,1999
2476,1999
2477,1999
2478,1999
2479,1999
2480,1999
2481,1999
2482,1999
2483,1999
2484,1999
2485,1999
2486,1999
2487,1999
2488,1999
2489,1999
2490,1999
2491,1999
2492,1999
2493,1999
2494,1999
2495,1999
2496,1999
2497,1999
2498,1998
2499,1998
2500,1998
2501,1998
2502,1998
2503,1998
2504,1998
2505,1998
2506,1998
2507,1998
2508,1998
2509,1998
2510,1998
2511,1998
2512,1998
2513,1998
2514,1998
2515,1998
2516,1998
2517,1998
2518,1998
2519,1998
2520,1998
2521,1998
2522,1998
2523,1998
2524,1998
2525,1998
2526,1998
2527,1998
2528,1998
2529,1998
2530,1998
2531,1998
2532,1998
2533,1998
2534,1998
2535,1998
2536,1998
2537,1998
2538,1998
2539,1998
2540,1998
2541,1998
2542,1998
2543,1998
2544,1998
2545,1998
2546,1998
2547,1998
2548,1998
2549,1998
2550,1998
2551,1998
2552,1998
2553,1998
2554,1998
2555,1998
2556,1998
2557,1998
2558,1998
2559,1998
2560,1998
2561,1998
2562,1997
2563,1997
2564,1997
2565,1997
2566,1997
2567,1997
2568,1997
2569,1997
2570,1997
2571,1997
2572,1997
2573,1997
2574,1997
2575,1997
2576,1997
2577,1997
2578,1997
2579,1997
2580,1997
2581,1997
2582,1997
2583,1997
2584,1997
2585,1997
2586,1997
2587,1997
2588,1997
2589,1997
2590,1997
2591,1997
2592,1997
2593,1997
2594,1997
2595,1997
2596,1997
2597,1997
2598,1997
2599,1997
2600,1997
2601,1997
2602,1997
2603,1997
2604,1997
2605,1997
2606,1997
2607,1997
2608,1997
2609,1997
2610,1997
2611,1997
2612,1997
2613,1997
2614,1997
2615,1997
2616,1997
2617,1997
2618,1996
2619,1996
2620,1996
2621,1996
2622,1996
2623,1996
2624,1996
2625,1996
2626,1996
2627,1996
2628,1996
2629,1996
2630,1996
2631,1996
2632,1996
2633,1996
2634,1996
2635,1996
2636,1996
2637,1996
2638,1996
2639,1996
2640,1996
2641,1996
2642,1996
2643,1996
2644,1996
2645,1996
2646,1996
2647,1996
2648,1996
2649,1996
2650,1996
2651,1996
2652,1996
2653,1996
2654,1996
2655,1996
2656,1996
2657,1996
2658,1996
2659,1996
2660,1996
2661,1996
2662,1996
2663,1996
2664,1996
2665,1996
2666,1996
2667,1996
2668,1995
2669,1995
2670,1995
2671,1995
2672,1995
2673,1995
2674,1995
2675,1995
2676,1995
2677,1995
2678,1995
2679,1995
2680,1995
2681,1995
2682,1995
2683,1995
2684,1995
2685,1995
2686,1995
2687,1995
2688,1995
2689,1995
2690,1995
2691,1995
2692,1995
2693,1995
2694,1995
2695,1995
2696,1995
2697,1995
2698,1995
2699,1995
2700,1995
2701,1995
2702,1995
2703,1995
2704,1995
2705,1995
2706,1995
2707,1995
2708,1994
2709,1994
2710,1994
2711,1994
2712,1994
2713,1994
2714,1994
2715,1994
2716,1994
2717,1994
2718,1994
2719,1994
2720,1994
2721,1994
2722,1994
2723,1994
2724,1994
2725,1994
2726,1994
2727,1994
2728,1994
2729,1994
2730,1994
2731,1994
2732,1994
2733,1994
2734,1994
2735,1994
2736,1994
2737,1994
2738,1994
2739,1994
2740,1994
2741,1994
2742,1994
2743,1994
2744,1994
2745,1994
2746,1994
2747,1994
2748,1994
2749,1993
2750,1993
2751,1993
2752,1993
2753,1993
2754,1993
2755,1993
2756,1993
2757,1993
2758,1993
2759,1993
2760,1993
2761,1993
2762,1993
2763,1993
2764,1993
2765,1993
2766,1993
2767,1993
2768,1993
2769,1993
2770,1993
2771,1993
2772,1993
2773,1993
2774,1993
2775,1993
2776,1993
2777,1993
2778,1993
2779,1993
2780,1993
2781,1993
2782,1993
2783,1993
2784,1993
2785,1993
2786,1993
2787,1993
2788,1993
2789,1993
2790,1993
2791,1993
2792,1993
2793,1993
2794,1993
2795,1993
2796,1993
2797,1993
2798,1993
2799,1993
2800,1993
2801,1993
2802,1993
2803,1993
2804,1992
2805,1992
2806,1992
2807,1992
2808,1992
2809,1992
2810,1992
2811,1992
2812,1992
2813,1992
2814,1992
2815,1992
2816,1992
2817,1992
2818,1992
2819,1992
2820,1992
2821,1992
2822,1992
2823,1992
2824,1992
2825,1992
2826,1992
2827,1992
2828,1992
2829,1992
2830,1992
2831,1992
2832,1992
2833,1992
2834,1992
2835,1991
2836,1991
2837,1991
2838,1991
2839,1991
2840,1991
2841,1991
2842,1991
2843,1991
2844,1991
2845,1991
2846,1991
2847,1991
2848,1991
2849,1991
2850,1991
2851,1991
2852,1991
2853,1991
2854,1991
2855,1991
2856,1991
2857,1991
2858,1991
2859,1991
2860,1991
2861,1991
2862,1991
2863,1991
2864,1991
2865,1991
2866,1991
2867,1991
2868,1991
2869,1991
2870,1991
2871,1991
2872,1991
2873,1991
2874,1991
2875,1991
2876,1990
2877,1990
2878,1990
2879,1990
2880,1990
2881,1990
2882,1990
2883,1990
2884,1990
2885,1990
2886,1990
2887,1990
2888,1990
2889,1990
2890,1990
2891,1990
2892,1990
2893,1990
2894,1990
2895,1990
2896,1990
2897,1990
2898,1990
2899,1990
2900,1990
2901,1990
2902,1990
2903,1990
2904,1990
2905,1990
2906,1990
2907,1990
2908,1990
2909,1990
2910,1990
2911,1990
2912,1990
2913,1990
2914,1990
2915,1990
2916,1990
2917,1990
2918,1990
2919,1990
2920,1990
2921,1990
2922,1990
2923,1990
2924,1989
2925,1989
2926,1989
2927,1989
2928,1989
2929,1989
2930,1989
2931,1989
2932,1989
2933,1989
2934,1989
2935,1989
2936,1989
2937,1989
2938,1989
2939,1989
2940,1989
2941,1989
2942,1989
2943,1989
2944,1989
2945,1989
2946,1989
2947,1989
2948,1989
2949,1989
2950,1989
2951,1989
2952,1989
2953,1989
2954,1989
2955,1989
2956,1989
2957,1989
2958,1989
2959,1989
2960,1988
2961,1988
2962,1988
2963,1988
2964,1988
2965,1988
2966,1988
2967,1988
2968,1988
2969,1988
2970,1988
2971,1988
2972,1988
2973,1988
2974,1988
2975,1988
2976,1988
2977,1988
2978,1988
2979,1988
2980,1988
2981,1988
2982,1988
2983,1988
2984,1988
2985,1988
2986,1988
2987,1988
2988,1988
2989,1988
2990,1988
2991,1988
2992,1988
2993,1987
2994,1987
2995,1987
2996,1987
2997,1987
2998,1987
2999,1987
3000,1987
3001,1987
3002,1987
3003,1987
3004,1987
3005,1987
3006,1987
3007,1987
3008,1987
3009,1987
3010,1987
3011,1987
3012,1987
3013,1987
3014,1987
3015,1987
3016,1987
3017,1987
3018,1987
3019,1987
3020,1987
3021,1986
3022,1986
3023,1986
3024,1986
3025,1986
3026,1986
3027,1986
3028,1986
3029,1986
3030,1986
3031,1986
3032,1986
3033,1986
3034,1986
3035,1986
3036,1986
3037,1986
3038,1986
3039,1985
3040,1985
3041,1985
3042,1985
3043,1985
3044,1985
3045,1985
3046,1985
3047,1985
3048,1985
3049,1985
3050,1985
3051,1985
3052,1985
3053,1985
3054,1985
3055,1985
3056,1984
3057,1984
3058,1984
3059,1984
3060,1984
3061,1984
3062,1984
3063,1984
3064,1984
3065,1984
3066,1984
3067,1984
3068,1984
3069,1984
3070,1984
3071,1984
3072,1984
3073,1983
3074,1983
3075,1983
3076,1983
3077,1983
3078,1983
3079,1983
3080,1983
3081,1983
3082,1983
3083,1983
3084,1983
3085,1983
3086,1983
3087,1983
3088,1983
3089,1982
3090,1982
3091,1982
3092,1982
3093,1982
3094,1982
3095,1982
3096,1982
3097,1982
3098,1982
3099,1982
3100,1981
3101,1981
3102,1981
3103,1981
3104,1981
3105,1981
3106,1981
3107,1981
3108,1981
3109,1981
3110,1981
3111,1981
3112,1981
3113,1981
3114,1981
3115,1981
3116,1981
3117,1981
3118,1980
3119,1980
3120,1980
3121,1980
3122,1980
3123,1980
3124,1980
3125,1980
3126,1980
3127,1980
3128,1979
3129,1979
3130,1979
3131,1979
3132,1979
3133,1979
3134,1979
3135,1979
3136,1979
3137,1979
3138,1979
3139,1978
3140,1978
3141,1978
3142,1978
3143,1978
3144,1978
3145,1978
3146,1978
3147,1977
3148,1977
3149,1977
3150,1977
3151,1977
3152,1977
3153,1977
3154,1977
3155,1977
3156,1976
3157,1976
3158,1976
3159,1976
3160,1976
3161,1976
3162,1976
3163,1976
3164,1976
3165,1976
3166,1975
3167,1975
3168,1975
3169,1975
3170,1975
3171,1975
3172,1975
3173,1974
3174,1974
3175,1974
3176,1974
3177,1974
3178,1974
3179,1974
3180,1974
3181,1973
3182,1973
3183,1973
3184,1973
3185,1973
3186,1973
3187,1973
3188,1973
3189,1972
3190,1972
3191,1972
3192,1972
3193,1972
3194,1972
3195,1972
3196,1971
3197,1971
3198,1971
3199,1971
3200,1971
3201,1971
3202,1971
3203,1971
3204,1971
3205,1971
3206,1970
3207,1970
3208,1970
3209,1970
3210,1970
3211,1970
3212,1970
3213,1969
3214,1968
3215,1968
3216,1968
3217,1968
3218,1967
3219,1967
3220,1965
3221,1965
3222,1965
3223,1965
3224,1963
3225,1963
3226,1963
3227,1962
3228,1953
3229,2020
3230,2020
3231,2020
3232,2020
3233,2020
3234,2020
3235,2020
3236,2020
3237,2020
3238,2020
3239,2020
3240,2020
3241,2020
3242,2020
3243,2020
3244,2020
3245,2020
3246,2020
3247,2020
3248,2020
3249,2020
3250,2020
3251,2020
3252,2020
3253,2020
3254,2020
3255,2020
3256,2020
3257,2020
3258,2020
3259,2020
3260,2020
3261,2020
3262,2020
3263,2020
3264,2020
3265,2020
3266,2020
3267,2020
3268,2020
3269,2020
3270,2020
3271,2020
3272,2020
3273,2020
3274,2020
3275,2020
3276,2020
3277,2020
3278,2020
3279,2020
3280,2020
3281,2020
3282,2020
3283,2020
3284,2020
3285,2020
3286,2020
3287,2020
3288,2020
3289,2020
3290,2020
3291,2020
3292,2020
3293,2020
3294,2020
3295,2020
3296,2020
3297,2020
3298,2020
3299,2020
3300,2020
3301,2020
3302,2020
3303,2020
3304,2020
3305,2020
3306,2020
3307,2020
3308,2020
3309,2020
3310,2020
3311,2020
3312,2020
3313,2020
3314,2020
3315,2020
3316,2020
3317,2020
3318,2020
3319,2020
3320,2020
3321,2020
3322,2020
3323,2020
3324,2020
3325,2020
3326,2020
3327,2020
3328,2020
3329,2020
3330,2020
3331,2020
3332,2020
3333,2020
3334,2020
3335,2020
3336,2020
3337,2020
3338,2020
3339,2020
3340,2020
3341,2020
3342,2020
3343,2020
3344,2020
3345,2020
3346,2020
3347,2020
3348,2020
3349,2020
3350,2020
3351,2020
3352,2020
3353,2020
3354,2020
3355,2020
3356,2020
3357,2020
3358,2020
3359,2020
3360,2020
3361,2020
3362,2020
3363,2020
3364,2020
3365,2020
3366,2020
3367,2020
3368,2020
3369,2020
3370,2020
3371,2020
3372,2020
3373,2020
3374,2020
3375,2020
3376,2020
3377,2020
3378,2020
3379,2020
3380,2020
3381,2020
3382,2020
3383,2020
3384,2020
3385,2020
3386,2020
3387,2020
3388,2020
3389,2020
3390,2020
3391,2020
3392,2020
3393,2020
3394,2020
3395,2020
3396,2020
3397,2020
3398,2020
3399,2020
3400,2020
3401,2020
3402,2020
3403,2020
3404,2020
3405,2020
3406,2020
3407,2020
3408,2020
3409,2020
3410,2020
3411,2020
3412,2020
3413,2020
3414,2020
3415,2020
3416,2020
3417,2020
3418,2020
3419,2020
3420,2020
3421,2020
3422,2020
3423,2020
3424,2020
3425,2020
3426,2020
3427,2020
3428,2020
3429,2020
3430,2020
3431,2020
3432,2020
3433,2020
3434,2020
3435,2020
3436,2020
3437,2020
3438,2020
3439,2020
3440,2020
3441,2020
3442,2020
3443,2020
3444,2020
3445,2020
3446,2020
3447,2020
3448,2020
3449,2020
3450,2020
3451,2020
3452,2020
3453,2020
3454,2020
3455,2020
3456,2020
3457,2020
3458,2020
3459,2020
3460,2020
3461,2020
3462,2020
3463,2020
3464,2020
3465,2020
3466,2020
3467,2020
3468,2020
3469,2020
3470,2020
3471,2020
3472,2020
3473,2020
3474,2020
3475,2020
3476,2020
3477,2020
3478,2020
3479,2020
3480,2020
3481,2020
3482,2020
3483,2020
3484,2020
3485,2020
3486,2020
3487,2020
3488,2020
3489,2020
3490,2020
3491,2020
3492,2020
3493,2020
3494,2020
3495,2020
3496,2020
3497,2020
3498,2020
3499,2020
3500,2020
3501,2020
3502,2020
3503,2020
3504,2020
3505,2020
3506,2020
3507,2020
3508,2020
3509,2020
3510,2020
3511,2020
3512,2020
3513,2020
3514,2020
3515,2020
3516,2020
3517,2020
3518,2020
3519,2020
3520,2020
3521,2020
3522,2020
3523,2020
3524,2020
3525,2020
3526,2020
3527,2020
3528,2020
3529,2020
3530,2020
3531,2020
3532,2020
3533,2020
3534,2020
3535,2020
3536,2020
3537,2020
3538,2020
3539,2020
3540,2020
3541,2020
3542,2020
3543,2020
3544,2020
3545,2020
3546,2020
3547,2020
3548,2020
3549,2020
3550,2020
3551,2020
3552,2020
3553,2020
3554,2020
3555,2020
3556,2020
3557,2020
3558,2020
3559,2020
3560,2020
3561,2020
3562,2020
3563,2020
3564,2020
3565,2020
3566,2020
3567,2020
3568,2020
3569,2020
3570,2020
3571,2020
3572,2020
3573,2020
3574,2020
3575,2020
3576,2020
3577,2020
3578,2020
3579,2020
3580,2020
3581,2020
3582,2020
3583,2020
3584,2020
3585,2020
3586,2020
3587,2020
3588,2020
3589,2020
3590,2020
3591,2020
3592,2020
3593,2020
3594,2020
3595,2020
3596,2020
3597,2020
3598,2020
3599,2020
3600,2020
3601,2020
3602,2020
3603,2020
3604,2020
3605,2020
3606,2020
3607,2020
3608,2020
3609,2020
3610,2020
3611,2020
3612,2020
3613,2020
3614,2020
3615,2020
3616,2020
3617,2020
3618,2020
3619,2020
3620,2020
3621,2020
3622,2020
3623,2020
3624,2020
3625,2020
3626,2020
3627,2020
3628,2020
3629,2020
3630,2020
3631,2020
3632,2020
3633,2020
3634,2020
3635,2020
3636,2020
3637,2020
3638,2020
3639,2020
3640,2020
3641,2020
3642,2020
3643,2020
3644,2020
3645,2020
3646,2020
3647,2020
3648,2020
3649,2020
3650,2020
3651,2020
3652,2020
3653,2020
3654,2020
3655,2020
3656,2020
3657,2020
3658,2020
3659,2020
3660,2020
3661,2020
3662,2020
3663,2020
3664,2020
3665,2020
3666,2020
3667,2020
3668,2020
3669,2020
3670,2020
3671,2020
3672,2020
3673,2020
3674,2020
3675,2020
3676,2020
3677,2020
3678,2020
3679,2020
3680,2020
3681,2020
3682,2020
3683,2020
3684,2020
3685,2020
3686,2020
3687,2020
3688,2020
3689,2020
3690,2020
3691,2020
3692,2020
3693,2020
3694,2020
3695,2020
3696,2020
3697,2020
3698,2020
3699,2020
3700,2020
3701,2020
3702,2020
3703,2020
3704,2020
3705,2020
3706,2020
3707,2020
3708,2020
3709,2020
3710,2020
3711,2020
3712,2020
3713,2020
3714,2020
3715,2020
3716,2020
3717,2020
3718,2020
3719,2020
3720,2020
3721,2020
3722,2020
3723,2020
3724,2020
3725,2020
3726,2020
3727,2020
3728,2020
3729,2020
3730,2020
3731,2020
3732,2020
3733,2020
3734,2020
3735,2020
3736,2020
3737,2020
3738,2020
3739,2020
3740,2020
3741,2020
3742,2020
3743,2020
3744,2020
3745,2020
3746,2020
3747,2020
3748,2020
3749,2020
3750,2020
3751,2020
3752,2020
3753,2020
3754,2020
3755,2020
3756,2020
3757,2020
3758,2020
3759,2020
3760,2020
3761,2020
3762,2020
3763,2020
3764,2020
3765,2020
3766,2020
3767,2020
3768,2020
3769,2020
3770,2020
3771,2020
3772,2020
3773,2020
3774,2020
3775,2020
3776,2020
3777,2020
3778,2020
3779,2020
3780,2020
3781,2020
3782,2020
3783,2020
3784,2020
3785,2020
3786,2020
3787,2020
3788,2020
3789,2020
3790,2020
3791,2020
3792,2020
3793,2020
3794,2020
3795,2020
3796,2020
3797,2020
3798,2020
3799,2020
3800,2020
3801,2020
3802,2020
3803,2020
3804,2020
3805,2020
3806,2020
3807,2020
3808,2020
3809,2020
3810,2020
3811,2020
3812,2020
3813,2020
3814,2020
3815,2020
3816,2020
3817,2020
3818,2020
3819,2020
3820,2020
3821,2020
3822,2020
3823,2020
3824,2020
3825,2020
3826,2020
3827,2020
3828,2020
3829,2020
3830,2020
3831,2020
3832,2020
3833,2020
3834,2020
3835,2020
3836,2020
3837,2020
3838,2020
3839,2020
3840,2020
3841,2020
3842,2020
3843,2020
3844,2020
3845,2020
3846,2020
3847,2020
3848,2020
3849,2020
3850,2020
3851,2020
3852,2020
3853,2020
3854,2020
3855,2020
3856,2020
3857,2020
3858,2020
3859,2020
3860,2020
3861,2020
3862,2020
3863,2020
3864,2020
3865,2020
3866,2020
3867,2020
3868,2020
3869,2020
3870,2020
3871,2020
3872,2020
3873,2020
3874,2020
3875,2020
3876,2020
3877,2020
3878,2019
3879,2019
3880,2019
3881,2019
3882,2019
3883,2019
3884,2019
3885,2019
3886,2019
3887,2019
3888,2019
3889,2019
3890,2019
3891,2019
3892,2019
3893,2019
3894,2019
3895,2019
3896,2019
3897,2019
3898,2019
3899,2019
3900,2019
3901,2019
3902,2019
3903,2019
3904,2019
3905,2019
3906,2019
3907,2019
3908,2019
3909,2019
3910,2019
3911,2019
3912,2019
3913,2019
3914,2019
3915,2019
3916,2019
3917,2019
3918,2019
3919,2019
3920,2019
3921,2019
3922,2019
3923,2019
3924,2019
3925,2019
3926,2019
3927,2019
3928,2019
3929,2019
3930,2019
3931,2019
3932,2019
3933,2019
3934,2019
3935,2019
3936,2019
3937,2019
3938,2019
3939,2019
3940,2019
3941,2019
3942,2019
3943,2019
3944,2019
3945,2019
3946,2019
3947,2019
3948,2019
3949,2019
3950,2019
3951,2019
3952,2019
3953,2019
3954,2019
3955,2019
3956,2019
3957,2019
3958,2019
3959,2019
3960,2019
3961,2019
3962,2019
3963,2019
3964,2019
3965,2019
3966,2019
3967,2019
3968,2019
3969,2019
3970,2019
3971,2019
3972,2019
3973,2019
3974,2019
3975,2019
3976,2019
3977,2019
3978,2019
3979,2019
3980,2019
3981,2019
3982,2019
3983,2019
3984,2019
3985,2019
3986,2019
3987,2019
3988,2019
3989,2019
3990,2019
3991,2019
3992,2019
3993,2019
3994,2019
3995,2019
3996,2019
3997,2019
3998,2019
3999,2019
4000,2019
4001,2019
4002,2019
4003,2019
4004,2019
4005,2019
4006,2019
4007,2019
4008,2019
4009,2019
4010,2019
4011,2019
4012,2019
4013,2019
4014,2019
4015,2019
4016,2019
4017,2019
4018,2019
4019,2019
4020,2019
4021,2019
4022,2019
4023,2019
4024,2019
4025,2019
4026,2019
4027,2019
4028,2019
4029,2019
4030,2019
4031,2019
4032,2019
4033,2019
4034,2019
4035,2019
4036,2019
4037,2019
4038,2019
4039,2019
4040,2019
4041,2019
4042,2019
4043,2019
4044,2019
4045,2019
4046,2019
4047,2019
4048,2019
4049,2019
4050,2019
4051,2019
4052,2019
4053,2019
4054,2019
4055,2019
4056,2019
4057,2019
4058,2019
4059,2019
4060,2019
4061,2019
4062,2019
4063,2019
4064,2019
4065,2019
4066,2019
4067,2019
4068,2019
4069,2019
4070,2019
4071,2019
4072,2019
4073,2019
4074,2019
4075,2019
4076,2019
4077,2019
4078,2019
4079,2019
4080,2019
4081,2019
4082,2019
4083,2019
4084,2019
4085,2019
4086,2019
4087,2019
4088,2019
4089,2019
4090,2019
4091,2019
4092,2019
4093,2019
4094,2019
4095,2019
4096,2019
4097,2019
4098,2019
4099,2019
4100,2019
4101,2019
4102,2019
4103,2019
4104,2019
4105,2019
4106,2019
4107,2019
4108,2019
4109,2019
4110,2019
4111,2019
4112,2019
4113,2019
4114,2019
4115,2019
4116,2019
4117,2019
4118,2019
4119,2019
4120,2019
4121,2019
4122,2019
4123,2019
4124,2019
4125,2019
4126,2019
4127,2019
4128,2019
4129,2019
4130,2019
4131,2019
4132,2019
4133,2019
4134,2019
4135,2019
4136,2019
4137,2019
4138,2019
4139,2019
4140,2019
4141,2019
4142,2019
4143,2019
4144,2019
4145,2019
4146,2019
4147,2019
4148,2019
4149,2019
4150,2019
4151,2019
4152,2019
4153,2019
4154,2019
4155,2019
4156,2019
4157,2019
4158,2019
4159,2019
4160,2019
4161,2019
4162,2019
4163,2019
4164,2019
4165,2019
4166,2019
4167,2019
4168,2019
4169,2019
4170,2019
4171,2019
4172,2019
4173,2019
4174,2019
4175,2019
4176,2019
4177,2019
4178,2019
4179,2019
4180,2019
4181,2019
4182,2019
4183,2019
4184,2019
4185,2019
4186,2019
4187,2019
4188,2019
4189,2019
4190,2019
4191,2019
4192,2019
4193,2019
4194,2019
4195,2019
4196,2019
4197,2019
4198,2019
4199,2019
4200,2019
4201,2019
4202,2019
4203,2019
4204,2019
4205,2019
4206,2019
4207,2019
4208,2019
4209,2019
4210,2019
4211,2019
4212,2019
4213,2019
4214,2019
4215,2019
4216,2019
4217,2019
4218,2019
4219,2019
4220,2019
4221,2019
4222,2019
4223,2019
4224,2019
4225,2019
4226,2019
4227,2019
4228,2019
4229,2019
4230,2019
4231,2019
4232,2019
4233,2019
4234,2019
4235,2019
4236,2019
4237,2019
4238,2019
4239,2019
4240,2019
4241,2019
4242,2019
4243,2019
4244,2019
4245,2019
4246,2019
4247,2019
4248,2019
4249,2019
4250,2019
4251,2019
4252,2019
4253,2019
4254,2019
4255,2019
4256,2019
4257,2019
4258,2019
4259,2019
4260,2019
4261,2019
4262,2019
4263,2019
4264,2019
4265,2019
4266,2019
4267,2019
4268,2019
4269,2019
4270,2019
4271,2019
4272,2019
4273,2019
4274,2019
4275,2019
4276,2019
4277,2019
4278,2019
4279,2019
4280,2019
4281,2019
4282,2019
4283,2019
4284,2019
4285,2019
4286,2019
4287,2019
4288,2019
4289,2019
4290,2019
4291,2019
4292,2019
4293,2019
4294,2019
4295,2019
4296,2019
4297,2019
4298,2019
4299,2019
4300,2019
4301,2019
4302,2019
4303,2019
4304,2019
4305,2019
4306,2019
4307,2019
4308,2019
4309,2019
4310,2019
4311,2019
4312,2019
4313,2019
4314,2019
4315,2019
4316,2019
4317,2019
4318,2019
4319,2019
4320,2019
4321,2019
4322,2019
4323,2019
4324,2019
4325,2019
4326,2019
4327,2019
4328,2019
4329,2019
4330,2019
4331,2019
4332,2019
4333,2019
4334,2019
4335,2019
4336,2019
4337,2019
4338,2019
4339,2019
4340,2019
4341,2019
4342,2019
4343,2019
4344,2019
4345,2019
4346,2019
4347,2019
4348,2019
4349,2019
4350,2019
4351,2019
4352,2019
4353,2019
4354,2019
4355,2019
4356,2019
4357,2019
4358,2019
4359,2019
4360,2019
4361,2019
4362,2019
4363,2019
4364,2019
4365,2019
4366,2019
4367,2019
4368,2019
4369,2019
4370,2019
4371,2019
4372,2019
4373,2019
4374,2019
4375,2019
4376,2019
4377,2019
4378,2019
4379,2019
4380,2019
4381,2019
4382,2019
4383,2019
4384,2019
4385,2019
4386,2019
4387,2019
4388,2019
4389,2019
4390,2019
4391,2019
4392,2019
4393,2019
4394,2019
4395,2019
4396,2019
4397,2019
4398,2019
4399,2019
4400,2019
4401,2019
4402,2019
4403,2019
4404,2019
4405,2019
4406,2019
4407,2019
4408,2019
4409,2019
4410,2019
4411,2019
4412,2019
4413,2019
4414,2019
4415,2019
4416,2019
4417,2019
4418,2019
4419,2019
4420,2019
4421,2019
4422,2019
4423,2019
4424,2019
4425,2019
4426,2019
4427,2019
4428,2019
4429,2019
4430,2019
4431,2019
4432,2019
4433,2019
4434,2019
4435,2019
4436,2019
4437,2019
4438,2019
4439,2019
4440,2019
4441,2019
4442,2019
4443,2019
4444,2019
4445,2019
4446,2019
4447,2019
4448,2019
4449,2019
4450,2019
4451,2019
4452,2019
4453,2019
4454,2019
4455,2019
4456,2019
4457,2019
4458,2019
4459,2018
4460,2018
4461,2018
4462,2018
4463,2018
4464,2018
4465,2018
4466,2018
4467,2018
4468,2018
4469,2018
4470,2018
4471,2018
4472,2018
4473,2018
4474,2018
4475,2018
4476,2018
4477,2018
4478,2018
4479,2018
4480,2018
4481,2018
4482,2018
4483,2018
4484,2018
4485,2018
4486,2018
4487,2018
4488,2018
4489,2018
4490,2018
4491,2018
4492,2018
4493,2018
4494,2018
4495,2018
4496,2018
4497,2018
4498,2018
4499,2018
4500,2018
4501,2018
4502,2018
4503,2018
4504,2018
4505,2018
4506,2018
4507,2018
4508,2018
4509,2018
4510,2018
4511,2018
4512,2018
4513,2018
4514,2018
4515,2018
4516,2018
4517,2018
4518,2018
4519,2018
4520,2018
4521,2018
4522,2018
4523,2018
4524,2018
4525,2018
4526,2018
4527,2018
4528,2018
4529,2018
4530,2018
4531,2018
4532,2018
4533,2018
4534,2018
4535,2018
4536,2018
4537,2018
4538,2018
4539,2018
4540,2018
4541,2018
4542,2018
4543,2018
4544,2018
4545,2018
4546,2018
4547,2018
4548,2018
4549,2018
4550,2018
4551,2018
4552,2018
4553,2018
4554,2018
4555,2018
4556,2018
4557,2018
4558,2018
4559,2018
4560,2018
4561,2018
4562,2018
4563,2018
4564,2018
4565,2018
4566,2018
4567,2018
4568,2018
4569,2018
4570,2018
4571,2018
4572,2018
4573,2018
4574,2018
4575,2018
4576,2018
4577,2018
4578,2018
4579,2018
4580,2018
4581,2018
4582,2018
4583,2018
4584,2018
4585,2018
4586,2018
4587,2018
4588,2018
4589,2018
4590,2018
4591,2018
4592,2018
4593,2018
4594,2018
4595,2018
4596,2018
4597,2018
4598,2018
4599,2018
4600,2018
4601,2018
4602,2018
4603,2018
4604,2018
4605,2018
4606,2018
4607,2018
4608,2018
4609,2018
4610,2018
4611,2018
4612,2018
4613,2018
4614,2018
4615,2018
4616,2018
4617,2018
4618,2018
4619,2018
4620,2018
4621,2018
4622,2018
4623,2018
4624,2018
4625,2018
4626,2018
4627,2018
4628,2018
4629,2018
4630,2018
4631,2018
4632,2018
4633,2018
4634,2018
4635,2018
4636,2018
4637,2018
4638,2018
4639,2018
4640,2018
4641,2018
4642,2018
4643,2018
4644,2018
4645,2018
4646,2018
4647,2018
4648,2018
4649,2018
4650,2018
4651,2018
4652,2018
4653,2018
4654,2018
4655,2018
4656,2018
4657,2018
4658,2018
4659,2018
4660,2018
4661,2018
4662,2018
4663,2018
4664,2018
4665,2018
4666,2018
4667,2018
4668,2018
4669,2018
4670,2018
4671,2018
4672,2018
4673,2018
4674,2018
4675,2018
4676,2018
4677,2018
4678,2018
4679,2018
4680,2018
4681,2018
4682,2018
4683,2018
4684,2018
4685,2018
4686,2018
4687,2018
4688,2018
4689,2018
4690,2018
4691,2018
4692,2018
4693,2018
4694,2018
4695,2018
4696,2018
4697,2018
4698,2018
4699,2018
4700,2018
4701,2018
4702,2018
4703,2018
4704,2018
4705,2018
4706,2018
4707,2018
4708,2018
4709,2018
4710,2018
4711,2018
4712,2018
4713,2018
4714,2018
4715,2018
4716,2018
4717,2018
4718,2018
4719,2018
4720,2018
4721,2018
4722,2018
4723,2018
4724,2018
4725,2018
4726,2018
4727,2018
4728,2018
4729,2018
4730,2018
4731,2018
4732,2018
4733,2018
4734,2018
4735,2018
4736,2018
4737,2018
4738,2018
4739,2018
4740,2018
4741,2018
4742,2018
4743,2018
4744,2018
4745,2018
4746,2018
4747,2018
4748,2018
4749,2018
4750,2018
4751,2018
4752,2018
4753,2018
4754,2018
4755,2018
4756,2018
4757,2018
4758,2018
4759,2018
4760,2018
4761,2018
4762,2018
4763,2018
4764,2018
4765,2018
4766,2018
4767,2018
4768,2018
4769,2018
4770,2018
4771,2018
4772,2018
4773,2018
4774,2018
4775,2018
4776,2018
4777,2018
4778,2018
4779,2018
4780,2018
4781,2018
4782,2018
4783,2018
4784,2018
4785,2018
4786,2018
4787,2018
4788,2018
4789,2018
4790,2018
4791,2018
4792,2018
4793,2018
4794,2018
4795,2018
4796,2018
4797,2018
4798,2018
4799,2018
4800,2018
4801,2018
4802,2018
4803,2018
4804,2018
4805,2018
4806,2018
4807,2018
4808,2018
4809,2018
4810,2018
4811,2018
4812,2018
4813,2018
4814,2018
4815,2018
4816,2018
4817,2018
4818,2018
4819,2018
4820,2018
4821,2018
4822,2018
4823,2018
4824,2018
4825,2018
4826,2018
4827,2018
4828,2018
4829,2018
4830,2018
4831,2018
4832,2018
4833,2018
4834,2018
4835,2018
4836,2018
4837,2018
4838,2018
4839,2018
4840,2018
4841,2018
4842,2018
4843,2018
4844,2018
4845,2018
4846,2018
4847,2018
4848,2018
4849,2018
4850,2018
4851,2018
4852,2018
4853,2018
4854,2018
4855,2018
4856,2018
4857,2018
4858,2018
4859,2018
4860,2018
4861,2018
4862,2018
4863,2018
4864,2018
4865,2018
4866,2018
4867,2018
4868,2018
4869,2018
4870,2018
4871,2018
4872,2018
4873,2018
4874,2018
4875,2018
4876,2018
4877,2018
4878,2018
4879,2018
4880,2018
4881,2018
4882,2018
4883,2018
4884,2018
4885,2018
4886,2018
4887,2018
4888,2018
4889,2018
4890,2018
4891,2018
4892,2018
4893,2018
4894,2018
4895,2018
4896,2018
4897,2018
4898,2018
4899,2018
4900,2018
4901,2018
4902,2018
4903,2018
4904,2018
4905,2018
4906,2018
4907,2018
4908,2018
4909,2018
4910,2018
4911,2018
4912,2018
4913,2018
4914,2018
4915,2018
4916,2018
4917,2018
4918,2018
4919,2018
4920,2018
4921,2018
4922,2018
4923,2018
4924,2018
4925,2018
4926,2018
4927,2018
4928,2018
4929,2018
4930,2018
4931,2018
4932,2018
4933,2018
4934,2018
4935,2018
4936,2018
4937,2018
4938,2018
4939,2018
4940,2018
4941,2018
4942,2018
4943,2018
4944,2018
4945,2018
4946,2018
4947,2018
4948,2018
4949,2018
4950,2018
4951,2018
4952,2018
4953,2018
4954,2018
4955,2018
4956,2018
4957,2018
4958,2018
4959,2018
4960,2018
4961,2018
4962,2018
4963,2018
4964,2018
4965,2018
4966,2018
4967,2018
4968,2018
4969,2018
4970,2018
4971,2018
4972,2018
4973,2018
4974,2018
4975,2018
4976,2018
4977,2018
4978,2018
4979,2018
4980,2018
4981,2018
4982,2018
4983,2018
4984,2018
4985,2018
4986,2018
4987,2018
4988,2018
4989,2018
4990,2018
4991,2018
4992,2018
4993,2018
4994,2018
4995,2018
4996,2018
4997,2018
4998,2018
4999,2018
5000,2018
5001,2018
5002,2018
5003,2018
5004,2018
5005,2018
5006,2018
5007,2017
5008,2017
5009,2017
5010,2017
5011,2017
5012,2017
5013,2017
5014,2017
5015,2017
5016,2017
5017,2017
5018,2017
5019,2017
5020,2017
5021,2017
5022,2017
5023,2017
5024,2017
5025,2017
5026,2017
5027,2017
5028,2017
5029,2017
5030,2017
5031,2017
5032,2017
5033,2017
5034,2017
5035,2017
5036,2017
5037,2017
5038,2017
5039,2017
5040,2017
5041,2017
5042,2017
5043,2017
5044,2017
5045,2017
5046,2017
5047,2017
5048,2017
5049,2017
5050,2017
5051,2017
5052,2017
5053,2017
5054,2017
5055,2017
5056,2017
5057,2017
5058,2017
5059,2017
5060,2017
5061,2017
5062,2017
5063,2017
5064,2017
5065,2017
5066,2017
5067,2017
5068,2017
5069,2017
5070,2017
5071,2017
5072,2017
5073,2017
5074,2017
5075,2017
5076,2017
5077,2017
5078,2017
5079,2017
5080,2017
5081,2017
5082,2017
5083,2017
5084,2017
5085,2017
5086,2017
5087,2017
5088,2017
5089,2017
5090,2017
5091,2017
5092,2017
5093,2017
5094,2017
5095,2017
5096,2017
5097,2017
5098,2017
5099,2017
5100,2017
5101,2017
5102,2017
5103,2017
5104,2017
5105,2017
5106,2017
5107,2017
5108,2017
5109,2017
5110,2017
5111,2017
5112,2017
5113,2017
5114,2017
5115,2017
5116,2017
5117,2017
5118,2017
5119,2017
5120,2017
5121,2017
5122,2017
5123,2017
5124,2017
5125,2017
5126,2017
5127,2017
5128,2017
5129,2017
5130,2017
5131,2017
5132,2017
5133,2017
5134,2017
5135,2017
5136,2017
5137,2017
5138,2017
5139,2017
5140,2017
5141,2017
5142,2017
5143,2017
5144,2017
5145,2017
5146,2017
5147,2017
5148,2017
5149,2017
5150,2017
5151,2017
5152,2017
5153,2017
5154,2017
5155,2017
5156,2017
5157,2017
5158,2017
5159,2017
5160,2017
5161,2017
5162,2017
5163,2017
5164,2017
5165,2017
5166,2017
5167,2017
5168,2017
5169,2017
5170,2017
5171,2017
5172,2017
5173,2017
5174,2017
5175,2017
5176,2017
5177,2017
5178,2017
5179,2017
5180,2017
5181,2017
5182,2017
5183,2017
5184,2017
5185,2017
5186,2017
5187,2017
5188,2017
5189,2017
5190,2017
5191,2017
5192,2017
5193,2017
5194,2017
5195,2017
5196,2017
5197,2017
5198,2017
5199,2017
5200,2017
5201,2017
5202,2017
5203,2017
5204,2017
5205,2017
5206,2017
5207,2017
5208,2017
5209,2017
5210,2017
5211,2017
5212,2017
5213,2017
5214,2017
5215,2017
5216,2017
5217,2017
5218,2017
5219,2017
5220,2017
5221,2017
5222,2017
5223,2017
5224,2017
5225,2017
5226,2017
5227,2017
5228,2017
5229,2017
5230,2017
5231,2017
5232,2017
5233,2017
5234,2017
5235,2017
5236,2017
5237,2017
5238,2017
5239,2017
5240,2017
5241,2017
5242,2017
5243,2017
5244,2017
5245,2017
5246,2017
5247,2017
5248,2017
5249,2017
5250,2017
5251,2017
5252,2017
5253,2017
5254,2017
5255,2017
5256,2017
5257,2017
5258,2017
5259,2017
5260,2017
5261,2017
5262,2017
5263,2017
5264,2017
5265,2017
5266,2017
5267,2017
5268,2017
5269,2017
5270,2017
5271,2017
5272,2017
5273,2017
5274,2017
5275,2017
5276,2017
5277,2017
5278,2017
5279,2017
5280,2017
5281,2017
5282,2017
5283,2017
5284,2017
5285,2017
5286,2017
5287,2017
5288,2017
5289,2017
5290,2017
5291,2017
5292,2017
5293,2017
5294,2017
5295,2017
5296,2017
5297,2017
5298,2017
5299,2017
5300,2017
5301,2017
5302,2017
5303,2017
5304,2017
5305,2017
5306,2017
5307,2017
5308,2017
5309,2017
5310,2017
5311,2017
5312,2017
5313,2017
5314,2017
5315,2017
5316,2017
5317,2017
5318,2017
5319,2017
5320,2017
5321,2017
5322,2017
5323,2017
5324,2017
5325,2017
5326,2017
5327,2017
5328,2017
5329,2017
5330,2017
5331,2017
5332,2017
5333,2017
5334,2017
5335,2017
5336,2017
5337,2017
5338,2017
5339,2017
5340,2017
5341,2017
5342,2017
5343,2017
5344,2017
5345,2017
5346,2017
5347,2017
5348,2017
5349,2017
5350,2017
5351,2017
5352,2017
5353,2017
5354,2017
5355,2017
5356,2017
5357,2017
5358,2017
5359,2017
5360,2017
5361,2017
5362,2017
5363,2017
5364,2017
5365,2017
5366,2017
5367,2017
5368,2017
5369,2017
5370,2017
5371,2017
5372,2017
5373,2017
5374,2017
5375,2017
5376,2017
5377,2017
5378,2017
5379,2017
5380,2017
5381,2017
5382,2017
5383,2017
5384,2017
5385,2017
5386,2017
5387,2017
5388,2017
5389,2017
5390,2017
5391,2017
5392,2017
5393,2017
5394,2017
5395,2017
5396,2017
5397,2017
5398,2017
5399,2017
5400,2017
5401,2017
5402,2017
5403,2017
5404,2017
5405,2017
5406,2017
5407,2017
5408,2017
5409,2017
5410,2017
5411,2017
5412,2017
5413,2017
5414,2017
5415,2017
5416,2017
5417,2017
5418,2017
5419,2017
5420,2017
5421,2017
5422,2017
5423,2017
5424,2017
5425,2017
5426,2017
5427,2017
5428,2017
5429,2017
5430,2017
5431,2017
5432,2017
5433,2017
5434,2017
5435,2017
5436,2017
5437,2017
5438,2017
5439,2017
5440,2017
5441,2017
5442,2017
5443,2017
5444,2017
5445,2017
5446,2017
5447,2017
5448,2017
5449,2017
5450,2017
5451,2016
5452,2016
5453,2016
5454,2016
5455,2016
5456,2016
5457,2016
5458,2016
5459,2016
5460,2016
5461,2016
5462,2016
5463,2016
5464,2016
5465,2016
5466,2016
5467,2016
5468,2016
5469,2016
5470,2016
5471,2016
5472,2016
5473,2016
5474,2016
5475,2016
5476,2016
5477,2016
5478,2016
5479,2016
5480,2016
5481,2016
5482,2016
5483,2016
5484,2016
5485,2016
5486,2016
5487,2016
5488,2016
5489,2016
5490,2016
5491,2016
5492,2016
5493,2016
5494,2016
5495,2016
5496,2016
5497,2016
5498,2016
5499,2016
5500,2016
5501,2016
5502,2016
5503,2016
5504,2016
5505,2016
5506,2016
5507,2016
5508,2016
5509,2016
5510,2016
5511,2016
5512,2016
5513,2016
5514,2016
5515,2016
5516,2016
5517,2016
5518,2016
5519,2016
5520,2016
5521,2016
5522,2016
5523,2016
5524,2016
5525,2016
5526,2016
5527,2016
5528,2016
5529,2016
5530,2016
5531,2016
5532,2016
5533,2016
5534,2016
5535,2016
5536,2016
5537,2016
5538,2016
5539,2016
5540,2016
5541,2016
5542,2016
5543,2016
5544,2016
5545,2016
5546,2016
5547,2016
5548,2016
5549,2016
5550,2016
5551,2016
5552,2016
5553,2016
5554,2016
5555,2016
5556,2016
5557,2016
5558,2016
5559,2016
5560,2016
5561,2016
5562,2016
5563,2016
5564,2016
5565,2016
5566,2016
5567,2016
5568,2016
5569,2016
5570,2016
5571,2016
5572,2016
5573,2016
5574,2016
5575,2016
5576,2016
5577,2016
5578,2016
5579,2016
5580,2016
5581,2016
5582,2016
5583,2016
5584,2016
5585,2016
5586,2016
5587,2016
5588,2016
5589,2016
5590,2016
5591,2016
5592,2016
5593,2016
5594,2016
5595,2016
5596,2016
5597,2016
5598,2016
5599,2016
5600,2016
5601,2016
5602,2016
5603,2016
5604,2016
5605,2016
5606,2016
5607,2016
5608,2016
5609,2016
5610,2016
5611,2016
5612,2016
5613,2016
5614,2016
5615,2016
5616,2016
5617,2016
5618,2016
5619,2016
5620,2016
5621,2016
5622,2016
5623,2016
5624,2016
5625,2016
5626,2016
5627,2016
5628,2016
5629,2016
5630,2016
5631,2016
5632,2016
5633,2016
5634,2016
5635,2016
5636,2016
5637,2016
5638,2016
5639,2016
5640,2016
5641,2016
5642,2016
5643,2016
5644,2016
5645,2016
5646,2016
5647,2016
5648,2016
5649,2016
5650,2016
5651,2016
5652,2016
5653,2016
5654,2016
5655,2016
5656,2016
5657,2016
5658,2016
5659,2016
5660,2016
5661,2016
5662,2016
5663,2016
5664,2016
5665,2016
5666,2016
5667,2016
5668,2016
5669,2016
5670,2016
5671,2016
5672,2016
5673,2016
5674,2016
5675,2016
5676,2016
5677,2016
5678,2016
5679,2016
5680,2016
5681,2016
5682,2016
5683,2016
5684,2016
5685,2016
5686,2016
5687,2016
5688,2016
5689,2016
5690,2016
5691,2016
5692,2016
5693,2016
5694,2016
5695,2016
5696,2016
5697,2016
5698,2016
5699,2016
5700,2016
5701,2016
5702,2016
5703,2016
5704,2016
5705,2016
5706,2016
5707,2016
5708,2016
5709,2016
5710,2016
5711,2016
5712,2016
5713,2016
5714,2016
5715,2016
5716,2016
5717,2016
5718,2016
5719,2016
5720,2016
5721,2016
5722,2016
5723,2016
5724,2016
5725,2016
5726,2016
5727,2016
5728,2016
5729,2016
5730,2016
5731,2016
5732,2016
5733,2016
5734,2016
5735,2016
5736,2016
5737,2016
5738,2016
5739,2016
5740,2016
5741,2016
5742,2016
5743,2016
5744,2016
5745,2016
5746,2016
5747,2016
5748,2016
5749,2016
5750,2016
5751,2016
5752,2016
5753,2016
5754,2016
5755,2016
5756,2016
5757,2016
5758,2016
5759,2016
5760,2016
5761,2016
5762,2016
5763,2016
5764,2016
5765,2016
5766,2016
5767,2016
5768,2016
5769,2016
5770,2016
5771,2016
5772,2016
5773,2016
5774,2016
5775,2016
5776,2016
5777,2016
5778,2016
5779,2016
5780,2016
5781,2016
5782,2016
5783,2016
5784,2016
5785,2016
5786,2016
5787,2016
5788,2016
5789,2016
5790,2016
5791,2016
5792,2016
5793,2016
5794,2016
5795,2016
5796,2016
5797,2016
5798,2016
5799,2016
5800,2016
5801,2016
5802,2016
5803,2016
5804,2016
5805,2016
5806,2016
5807,2016
5808,2016
5809,2016
5810,2016
5811,2016
5812,2016
5813,2016
5814,2016
5815,2016
5816,2016
5817,2016
5818,2016
5819,2016
5820,2016
5821,2016
5822,2016
5823,2016
5824,2016
5825,2016
5826,2016
5827,2016
5828,2016
5829,2016
5830,2016
5831,2016
5832,2016
5833,2016
5834,2016
5835,2016
5836,2016
5837,2016
5838,2016
5839,2016
5840,2016
5841,2016
5842,2016
5843,2016
5844,2016
5845,2016
5846,2016
5847,2016
5848,2016
5849,2016
5850,2016
5851,2016
5852,2016
5853,2016
5854,2016
5855,2016
5856,2016
5857,2016
5858,2016
5859,2016
5860,2016
5861,2016
5862,2016
5863,2016
5864,2016
5865,2016
5866,2016
5867,2016
5868,2016
5869,2016
5870,2016
5871,2016
5872,2016
5873,2016
5874,2016
5875,2016
5876,2016
5877,2016
5878,2016
5879,2016
5880,2016
5881,2016
5882,2016
5883,2016
5884,2016
5885,2016
5886,2016
5887,2016
5888,2016
5889,2016
5890,2016
5891,2016
5892,2016
5893,2016
5894,2016
5895,2016
5896,2016
5897,2016
5898,2015
5899,2015
5900,2015
5901,2015
5902,2015
5903,2015
5904,2015
5905,2015
5906,2015
5907,2015
5908,2015
5909,2015
5910,2015
5911,2015
5912,2015
5913,2015
5914,2015
5915,2015
5916,2015
5917,2015
5918,2015
5919,2015
5920,2015
5921,2015
5922,2015
5923,2015
5924,2015
5925,2015
5926,2015
5927,2015
5928,2015
5929,2015
5930,2015
5931,2015
5932,2015
5933,2015
5934,2015
5935,2015
5936,2015
5937,2015
5938,2015
5939,2015
5940,2015
5941,2015
5942,2015
5943,2015
5944,2015
5945,2015
5946,2015
5947,2015
5948,2015
5949,2015
5950,2015
5951,2015
5952,2015
5953,2015
5954,2015
5955,2015
5956,2015
5957,2015
5958,2015
5959,2015
5960,2015
5961,2015
5962,2015
5963,2015
5964,2015
5965,2015
5966,2015
5967,2015
5968,2015
5969,2015
5970,2015
5971,2015
5972,2015
5973,2015
5974,2015
5975,2015
5976,2015
5977,2015
5978,2015
5979,2015
5980,2015
5981,2015
5982,2015
5983,2015
5984,2015
5985,2015
5986,2015
5987,2015
5988,2015
5989,2015
5990,2015
5991,2015
5992,2015
5993,2015
5994,2015
5995,2015
5996,2015
5997,2015
5998,2015
5999,2015
6000,2015
6001,2015
6002,2015
6003,2015
6004,2015
6005,2015
6006,2015
6007,2015
6008,2015
6009,2015
6010,2015
6011,2015
6012,2015
6013,2015
6014,2015
6015,2015
6016,2015
6017,2015
6018,2015
6019,2015
6020,2015
6021,2015
6022,2015
6023,2015
6024,2015
6025,2015
6026,2015
6027,2015
6028,2015
6029,2015
6030,2015
6031,2015
6032,2015
6033,2015
6034,2015
6035,2015
6036,2015
6037,2015
6038,2015
6039,2015
6040,2015
6041,2015
6042,2015
6043,2015
6044,2015
6045,2015
6046,2015
6047,2015
6048,2015
6049,2015
6050,2015
6051,2015
6052,2015
6053,2015
6054,2015
6055,2015
6056,2015
6057,2015
6058,2015
6059,2015
6060,2015
6061,2015
6062,2015
6063,2015
6064,2015
6065,2015
6066,2015
6067,2015
6068,2015
6069,2015
6070,2015
6071,2015
6072,2015
6073,2015
6074,2015
6075,2015
6076,2015
6077,2015
6078,2015
6079,2015
6080,2015
6081,2015
6082,2015
6083,2015
6084,2015
6085,2015
6086,2015
6087,2015
6088,2015
6089,2015
6090,2015
6091,2015
6092,2015
6093,2015
6094,2015
6095,2015
6096,2015
6097,2015
6098,2015
6099,2015
6100,2015
6101,2015
6102,2015
6103,2015
6104,2015
6105,2015
6106,2015
6107,2015
6108,2015
6109,2015
6110,2015
6111,2015
6112,2015
6113,2015
6114,2015
6115,2015
6116,2015
6117,2015
6118,2015
6119,2015
6120,2015
6121,2015
6122,2015
6123,2015
6124,2015
6125,2015
6126,2015
6127,2015
6128,2015
6129,2015
6130,2015
6131,2015
6132,2015
6133,2015
6134,2015
6135,2015
6136,2015
6137,2015
6138,2015
6139,2015
6140,2015
6141,2015
6142,2015
6143,2015
6144,2015
6145,2015
6146,2015
6147,2015
6148,2015
6149,2015
6150,2015
6151,2015
6152,2015
6153,2015
6154,2015
6155,2015
6156,2015
6157,2015
6158,2015
6159,2015
6160,2015
6161,2015
6162,2015
6163,2015
6164,2015
6165,2015
6166,2015
6167,2015
6168,2015
6169,2015
6170,2015
6171,2015
6172,2015
6173,2015
6174,2015
6175,2015
6176,2015
6177,2015
6178,2015
6179,2015
6180,2015
6181,2015
6182,2015
6183,2015
6184,2015
6185,2015
6186,2015
6187,2015
6188,2015
6189,2015
6190,2015
6191,2015
6192,2015
6193,2015
6194,2015
6195,2015
6196,2015
6197,2015
6198,2015
6199,2015
6200,2015
6201,2015
6202,2015
6203,2015
6204,2015
6205,2015
6206,2015
6207,2015
6208,2015
6209,2015
6210,2015
6211,2015
6212,2015
6213,2015
6214,2015
6215,2015
6216,2015
6217,2015
6218,2015
6219,2015
6220,2015
6221,2015
6222,2015
6223,2015
6224,2015
6225,2015
6226,2015
6227,2015
6228,2015
6229,2015
6230,2015
6231,2015
6232,2015
6233,2015
6234,2015
6235,2015
6236,2015
6237,2015
6238,2015
6239,2015
6240,2015
6241,2015
6242,2015
6243,2015
6244,2015
6245,2015
6246,2015
6247,2015
6248,2015
6249,2015
6250,2015
6251,2015
6252,2015
6253,2015
6254,2015
6255,2015
6256,2015
6257,2015
6258,2015
6259,2015
6260,2015
6261,2015
6262,2015
6263,2015
6264,2015
6265,2015
6266,2015
6267,2015
6268,2015
6269,2015
6270,2015
6271,2015
6272,2015
6273,2015
6274,2015
6275,2015
6276,2015
6277,2015
6278,2015
6279,2015
6280,2015
6281,2015
6282,2015
6283,2015
6284,2015
6285,2015
6286,2015
6287,2015
6288,2015
6289,2015
6290,2015
6291,2015
6292,2015
6293,2015
6294,2015
6295,2015
6296,2015
6297,2015
6298,2015
6299,2015
6300,2015
6301,2015
6302,2015
6303,2015
6304,2015
6305,2015
6306,2015
6307,2015
6308,2015
6309,2015
6310,2015
6311,2015
6312,2015
6313,2015
6314,2015
6315,2015
6316,2015
6317,2015
6318,2015
6319,2015
6320,2015
6321,2015
6322,2015
6323,2015
6324,2015
6325,2015
6326,2015
6327,2014
6328,2014
6329,2014
6330,2014
6331,2014
6332,2014
6333,2014
6334,2014
6335,2014
6336,2014
6337,2014
6338,2014
6339,2014
6340,2014
6341,2014
6342,2014
6343,2014
6344,2014
6345,2014
6346,2014
6347,2014
6348,2014
6349,2014
6350,2014
6351,2014
6352,2014
6353,2014
6354,2014
6355,2014
6356,2014
6357,2014
6358,2014
6359,2014
6360,2014
6361,2014
6362,2014
6363,2014
6364,2014
6365,2014
6366,2014
6367,2014
6368,2014
6369,2014
6370,2014
6371,2014
6372,2014
6373,2014
6374,2014
6375,2014
6376,2014
6377,2014
6378,2014
6379,2014
6380,2014
6381,2014
6382,2014
6383,2014
6384,2014
6385,2014
6386,2014
6387,2014
6388,2014
6389,2014
6390,2014
6391,2014
6392,2014
6393,2014
6394,2014
6395,2014
6396,2014
6397,2014
6398,2014
6399,2014
6400,2014
6401,2014
6402,2014
6403,2014
6404,2014
6405,2014
6406,2014
6407,2014
6408,2014
6409,2014
6410,2014
6411,2014
6412,2014
6413,2014
6414,2014
6415,2014
6416,2014
6417,2014
6418,2014
6419,2014
6420,2014
6421,2014
6422,2014
6423,2014
6424,2014
6425,2014
6426,2014
6427,2014
6428,2014
6429,2014
6430,2014
6431,2014
6432,2014
6433,2014
6434,2014
6435,2014
6436,2014
6437,2014
6438,2014
6439,2014
6440,2014
6441,2014
6442,2014
6443,2014
6444,2014
6445,2014
6446,2014
6447,2014
6448,2014
6449,2014
6450,2014
6451,2014
6452,2014
6453,2014
6454,2014
6455,2014
6456,2014
6457,2014
6458,2014
6459,2014
6460,2014
6461,2014
6462,2014
6463,2014
6464,2014
6465,2014
6466,2014
6467,2014
6468,2014
6469,2014
6470,2014
6471,2014
6472,2014
6473,2014
6474,2014
6475,2014
6476,2014
6477,2014
6478,2014
6479,2014
6480,2014
6481,2014
6482,2014
6483,2014
6484,2014
6485,2014
6486,2014
6487,2014
6488,2014
6489,2014
6490,2014
6491,2014
6492,2014
6493,2014
6494,2014
6495,2014
6496,2014
6497,2014
6498,2014
6499,2014
6500,2014
6501,2014
6502,2014
6503,2014
6504,2014
6505,2014
6506,2014
6507,2014
6508,2014
6509,2014
6510,2014
6511,2014
6512,2014
6513,2014
6514,2014
6515,2014
6516,2014
6517,2014
6518,2014
6519,2014
6520,2014
6521,2014
6522,2014
6523,2014
6524,2014
6525,2014
6526,2014
6527,2014
6528,2014
6529,2014
6530,2014
6531,2014
6532,2014
6533,2014
6534,2014
6535,2014
6536,2014
6537,2014
6538,2014
6539,2014
6540,2014
6541,2014
6542,2014
6543,2014
6544,2014
6545,2014
6546,2014
6547,2014
6548,2014
6549,2014
6550,2014
6551,2014
6552,2014
6553,2014
6554,2014
6555,2014
6556,2014
6557,2014
6558,2014
6559,2014
6560,2014
6561,2014
6562,2014
6563,2014
6564,2014
6565,2014
6566,2014
6567,2014
6568,2014
6569,2014
6570,2014
6571,2014
6572,2014
6573,2014
6574,2014
6575,2014
6576,2014
6577,2014
6578,2014
6579,2014
6580,2014
6581,2014
6582,2014
6583,2014
6584,2014
6585,2014
6586,2014
6587,2014
6588,2014
6589,2014
6590,2014
6591,2014
6592,2014
6593,2014
6594,2014
6595,2014
6596,2014
6597,2014
6598,2014
6599,2014
6600,2014
6601,2014
6602,2014
6603,2014
6604,2014
6605,2014
6606,2014
6607,2014
6608,2014
6609,2014
6610,2014
6611,2014
6612,2014
6613,2014
6614,2014
6615,2014
6616,2014
6617,2014
6618,2014
6619,2014
6620,2014
6621,2014
6622,2014
6623,2014
6624,2014
6625,2014
6626,2014
6627,2014
6628,2014
6629,2014
6630,2014
6631,2014
6632,2014
6633,2014
6634,2014
6635,2014
6636,2014
6637,2014
6638,2014
6639,2014
6640,2014
6641,2014
6642,2014
6643,2014
6644,2014
6645,2014
6646,2014
6647,2014
6648,2014
6649,2014
6650,2014
6651,2014
6652,2014
6653,2014
6654,2014
6655,2014
6656,2014
6657,2014
6658,2014
6659,2014
6660,2014
6661,2014
6662,2014
6663,2014
6664,2014
6665,2014
6666,2014
6667,2014
6668,2014
6669,2014
6670,2014
6671,2014
6672,2014
6673,2014
6674,2014
6675,2014
6676,2014
6677,2014
6678,2014
6679,2014
6680,2014
6681,2014
6682,2014
6683,2014
6684,2014
6685,2014
6686,2014
6687,2014
6688,2014
6689,2014
6690,2014
6691,2014
6692,2014
6693,2014
6694,2014
6695,2014
6696,2014
6697,2014
6698,2014
6699,2014
6700,2014
6701,2014
6702,2013
6703,2013
6704,2013
6705,2013
6706,2013
6707,2013
6708,2013
6709,2013
6710,2013
6711,2013
6712,2013
6713,2013
6714,2013
6715,2013
6716,2013
6717,2013
6718,2013
6719,2013
6720,2013
6721,2013
6722,2013
6723,2013
6724,2013
6725,2013
6726,2013
6727,2013
6728,2013
6729,2013
6730,2013
6731,2013
6732,2013
6733,2013
6734,2013
6735,2013
6736,2013
6737,2013
6738,2013
6739,2013
6740,2013
6741,2013
6742,2013
6743,2013
6744,2013
6745,2013
6746,2013
6747,2013
6748,2013
6749,2013
6750,2013
6751,2013
6752,2013
6753,2013
6754,2013
6755,2013
6756,2013
6757,2013
6758,2013
6759,2013
6760,2013
6761,2013
6762,2013
6763,2013
6764,2013
6765,2013
6766,2013
6767,2013
6768,2013
6769,2013
6770,2013
6771,2013
6772,2013
6773,2013
6774,2013
6775,2013
6776,2013
6777,2013
6778,2013
6779,2013
6780,2013
6781,2013
6782,2013
6783,2013
6784,2013
6785,2013
6786,2013
6787,2013
6788,2013
6789,2013
6790,2013
6791,2013
6792,2013
6793,2013
6794,2013
6795,2013
6796,2013
6797,2013
6798,2013
6799,2013
6800,2013
6801,2013
6802,2013
6803,2013
6804,2013
6805,2013
6806,2013
6807,2013
6808,2013
6809,2013
6810,2013
6811,2013
6812,2013
6813,2013
6814,2013
6815,2013
6816,2013
6817,2013
6818,2013
6819,2013
6820,2013
6821,2013
6822,2013
6823,2013
6824,2013
6825,2013
6826,2013
6827,2013
6828,2013
6829,2013
6830,2013
6831,2013
6832,2013
6833,2013
6834,2013
6835,2013
6836,2013
6837,2013
6838,2013
6839,2013
6840,2013
6841,2013
6842,2013
6843,2013
6844,2013
6845,2013
6846,2013
6847,2013
6848,2013
6849,2013
6850,2013
6851,2013
6852,2013
6853,2013
6854,2013
6855,2013
6856,2013
6857,2013
6858,2013
6859,2013
6860,2013
6861,2013
6862,2013
6863,2013
6864,2013
6865,2013
6866,2013
6867,2013
6868,2013
6869,2013
6870,2013
6871,2013
6872,2013
6873,2013
6874,2013
6875,2013
6876,2013
6877,2013
6878,2013
6879,2013
6880,2013
6881,2013
6882,2013
6883,2013
6884,2013
6885,2013
6886,2013
6887,2013
6888,2013
6889,2013
6890,2013
6891,2013
6892,2013
6893,2013
6894,2013
6895,2013
6896,2013
6897,2013
6898,2013
6899,2013
6900,2013
6901,2013
6902,2013
6903,2013
6904,2013
6905,2013
6906,2013
6907,2013
6908,2013
6909,2013
6910,2013
6911,2013
6912,2013
6913,2013
6914,2013
6915,2013
6916,2013
6917,2013
6918,2013
6919,2013
6920,2013
6921,2013
6922,2013
6923,2013
6924,2013
6925,2013
6926,2013
6927,2013
6928,2013
6929,2013
6930,2013
6931,2013
6932,2013
6933,2013
6934,2013
6935,2013
6936,2013
6937,2013
6938,2013
6939,2013
6940,2013
6941,2013
6942,2013
6943,2013
6944,2013
6945,2013
6946,2013
6947,2013
6948,2013
6949,2013
6950,2013
6951,2013
6952,2013
6953,2013
6954,2013
6955,2013
6956,2013
6957,2013
6958,2013
6959,2013
6960,2013
6961,2013
6962,2013
6963,2013
6964,2013
6965,2013
6966,2013
6967,2013
6968,2013
6969,2013
6970,2013
6971,2013
6972,2013
6973,2013
6974,2013
6975,2013
6976,2013
6977,2013
6978,2013
6979,2013
6980,2013
6981,2013
6982,2013
6983,2013
6984,2013
6985,2013
6986,2013
6987,2013
6988,2013
6989,2013
6990,2013
6991,2013
6992,2013
6993,2013
6994,2013
6995,2013
6996,2013
6997,2013
6998,2013
6999,2013
7000,2013
7001,2013
7002,2013
7003,2013
7004,2013
7005,2013
7006,2013
7007,2013
7008,2013
7009,2013
7010,2013
7011,2013
7012,2013
7013,2013
7014,2013
7015,2013
7016,2013
7017,2013
7018,2013
7019,2013
7020,2013
7021,2013
7022,2013
7023,2013
7024,2013
7025,2013
7026,2013
7027,2013
7028,2013
7029,2013
7030,2013
7031,2013
7032,2013
7033,2013
7034,2013
7035,2013
7036,2013
7037,2013
7038,2013
7039,2013
7040,2013
7041,2013
7042,2013
7043,2013
7044,2013
7045,2013
7046,2013
7047,2013
7048,2013
7049,2013
7050,2013
7051,2013
7052,2013
7053,2013
7054,2013
7055,2013
7056,2013
7057,2013
7058,2013
7059,2013
7060,2013
7061,2013
7062,2013
7063,2013
7064,2013
7065,2013
7066,2013
7067,2013
7068,2013
7069,2013
7070,2013
7071,2013
7072,2013
7073,2013
7074,2024
7075,2024
7076,2024
7077,2023
7078,2023
7079,2023
7080,2023
7081,2023
7082,2023
7083,2023
7084,2023
7085,2023
7086,2023
7087,2023
7088,2023
7089,2023
7090,2023
7091,2023
7092,2023
7093,2023
7094,2023
7095,2023
7096,2023
7097,2023
7098,2023
7099,2023
7100,2023
7101,2023
7102,2023
7103,2023
7104,2023
7105,2023
7106,2023
7107,2023
7108,2023
7109,2023
7110,2023
7111,2023
7112,2023
7113,2023
7114,2023
7115,2023
7116,2023
7117,2023
7118,2023
7119,2023
7120,2023
7121,2023
7122,2023
7123,2023
7124,2023
7125,2023
7126,2023
7127,2023
7128,2023
7129,2023
7130,2023
7131,2023
7132,2023
7133,2023
7134,2023
7135,2023
7136,2023
7137,2023
7138,2023
7139,2023
7140,2023
7141,2023
7142,2023
7143,2023
7144,2023
7145,2023
7146,2023
7147,2023
7148,2023
7149,2023
7150,2023
7151,2023
7152,2023
7153,2023
7154,2023
7155,2023
7156,2023
7157,2023
7158,2023
7159,2023
7160,2023
7161,2023
7162,2023
7163,2023
7164,2023
7165,2023
7166,2023
7167,2023
7168,2023
7169,2023
7170,2023
7171,2023
7172,2023
7173,2023
7174,2023
7175,2023
7176,2023
7177,2023
7178,2023
7179,2023
7180,2023
7181,2023
7182,2023
7183,2023
7184,2023
7185,2023
7186,2023
7187,2023
7188,2023
7189,2023
7190,2023
7191,2023
7192,2023
7193,2023
7194,2023
7195,2023
7196,2023
7197,2023
7198,2023
7199,2023
7200,2023
7201,2023
7202,2023
7203,2023
7204,2023
7205,2023
7206,2023
7207,2023
7208,2023
7209,2023
7210,2023
7211,2023
7212,2023
7213,2023
7214,2023
7215,2023
7216,2023
7217,2023
7218,2023
7219,2023
7220,2023
7221,2023
7222,2023
7223,2023
7224,2023
7225,2023
7226,2023
7227,2023
7228,2023
7229,2023
7230,2023
7231,2023
7232,2023
7233,2023
7234,2023
7235,2023
7236,2023
7237,2023
7238,2023
7239,2023
7240,2023
7241,2023
7242,2023
7243,2023
7244,2023
7245,2023
7246,2023
7247,2023
7248,2023
7249,2023
7250,2023
7251,2023
7252,2023
7253,2023
7254,2023
7255,2023
7256,2023
7257,2023
7258,2023
7259,2023
7260,2023
7261,2023
7262,2023
7263,2023
7264,2023
7265,2023
7266,2023
7267,2023
7268,2023
7269,2023
7270,2023
7271,2023
7272,2023
7273,2023
7274,2023
7275,2023
7276,2023
7277,2023
7278,2023
7279,2023
7280,2023
7281,2023
7282,2023
7283,2023
7284,2023
7285,2023
7286,2023
7287,2023
7288,2023
7289,2023
7290,2023
7291,2023
7292,2023
7293,2023
7294,2023
7295,2023
7296,2023
7297,2023
7298,2023
7299,2023
7300,2023
7301,2023
7302,2023
7303,2023
7304,2023
7305,2023
7306,2023
7307,2023
7308,2023
7309,2023
7310,2023
7311,2023
7312,2023
7313,2023
7314,2023
7315,2023
7316,2023
7317,2023
7318,2023
7319,2023
7320,2023
7321,2023
7322,2023
7323,2023
7324,2023
7325,2023
7326,2023
7327,2023
7328,2023
7329,2023
7330,2023
7331,2023
7332,2023
7333,2023
7334,2023
7335,2023
7336,2023
7337,2023
7338,2023
7339,2023
7340,2023
7341,2023
7342,2023
7343,2023
7344,2023
7345,2023
7346,2023
7347,2023
7348,2023
7349,2023
7350,2023
7351,2023
7352,2023
7353,2023
7354,2023
7355,2023
7356,2023
7357,2023
7358,2023
7359,2023
7360,2023
7361,2023
7362,2023
7363,2023
7364,2023
7365,2023
7366,2023
7367,2023
7368,2023
7369,2023
7370,2023
7371,2023
7372,2023
7373,2023
7374,2023
7375,2023
7376,2023
7377,2023
7378,2023
7379,2023
7380,2023
7381,2023
7382,2023
7383,2023
7384,2023
7385,2023
7386,2023
7387,2023
7388,2023
7389,2023
7390,2023
7391,2023
7392,2023
7393,2023
7394,2023
7395,2023
7396,2023
7397,2023
7398,2023
7399,2023
7400,2023
7401,2023
7402,2023
7403,2023
7404,2023
7405,2023
7406,2023
7407,2023
7408,2023
7409,2023
7410,2023
7411,2023
7412,2023
7413,2023
7414,2023
7415,2023
7416,2023
7417,2023
7418,2023
7419,2023
7420,2023
7421,2023
7422,2023
7423,2023
7424,2023
7425,2023
7426,2023
7427,2023
7428,2023
7429,2023
7430,2023
7431,2023
7432,2023
7433,2023
7434,2023
7435,2023
7436,2023
7437,2023
7438,2023
7439,2023
7440,2023
7441,2023
7442,2023
7443,2023
7444,2023
7445,2023
7446,2023
7447,2023
7448,2023
7449,2023
7450,2023
7451,2023
7452,2023
7453,2023
7454,2023
7455,2023
7456,2023
7457,2023
7458,2023
7459,2023
7460,2023
7461,2023
7462,2023
7463,2023
7464,2023
7465,2023
7466,2023
7467,2023
7468,2023
7469,2023
7470,2023
7471,2023
7472,2023
7473,2023
7474,2023
7475,2023
7476,2023
7477,2023
7478,2023
7479,2023
7480,2023
7481,2023
7482,2023
7483,2023
7484,2023
7485,2023
7486,2023
7487,2023
7488,2023
7489,2023
7490,2023
7491,2023
7492,2023
7493,2023
7494,2023
7495,2023
7496,2023
7497,2023
7498,2023
7499,2023
7500,2023
7501,2023
7502,2023
7503,2023
7504,2023
7505,2023
7506,2023
7507,2023
7508,2023
7509,2023
7510,2023
7511,2023
7512,2023
7513,2023
7514,2023
7515,2023
7516,2023
7517,2023
7518,2023
7519,2023
7520,2023
7521,2023
7522,2023
7523,2023
7524,2023
7525,2023
7526,2023
7527,2023
7528,2023
7529,2023
7530,2023
7531,2023
7532,2023
7533,2023
7534,2023
7535,2023
7536,2023
7537,2023
7538,2023
7539,2023
7540,2023
7541,2023
7542,2023
7543,2023
7544,2023
7545,2023
7546,2023
7547,2023
7548,2023
7549,2023
7550,2023
7551,2023
7552,2023
7553,2023
7554,2023
7555,2023
7556,2023
7557,2023
7558,2023
7559,2023
7560,2023
7561,2023
7562,2023
7563,2023
7564,2023
7565,2023
7566,2023
7567,2023
7568,2023
7569,2023
7570,2023
7571,2023
7572,2023
7573,2023
7574,2023
7575,2023
7576,2023
7577,2023
7578,2023
7579,2023
7580,2023
7581,2023
7582,2023
7583,2023
7584,2023
7585,2023
7586,2023
7587,2023
7588,2023
7589,2023
7590,2023
7591,2023
7592,2023
7593,2023
7594,2023
7595,2023
7596,2023
7597,2023
7598,2023
7599,2023
7600,2023
7601,2023
7602,2023
7603,2023
7604,2023
7605,2023
7606,2023
7607,2023
7608,2023
7609,2023
7610,2023
7611,2023
7612,2023
7613,2023
7614,2023
7615,2023
7616,2023
7617,2023
7618,2023
7619,2023
7620,2023
7621,2023
7622,2023
7623,2023
7624,2023
7625,2023
7626,2023
7627,2023
7628,2023
7629,2023
7630,2023
7631,2023
7632,2023
7633,2023
7634,2023
7635,2023
7636,2023
7637,2023
7638,2023
7639,2023
7640,2023
7641,2023
7642,2023
7643,2023
7644,2023
7645,2023
7646,2023
7647,2023
7648,2023
7649,2023
7650,2023
7651,2023
7652,2023
7653,2023
7654,2023
7655,2023
7656,2023
7657,2023
7658,2023
7659,2023
7660,2023
7661,2023
7662,2023
7663,2023
7664,2023
7665,2023
7666,2023
7667,2023
7668,2023
7669,2023
7670,2023
7671,2023
7672,2023
7673,2023
7674,2023
7675,2023
7676,2023
7677,2023
7678,2023
7679,2023
7680,2023
7681,2023
7682,2023
7683,2023
7684,2023
7685,2023
7686,2023
7687,2023
7688,2023
7689,2023
7690,2023
7691,2023
7692,2023
7693,2023
7694,2023
7695,2023
7696,2023
7697,2023
7698,2023
7699,2023
7700,2023
7701,2023
7702,2023
7703,2023
7704,2023
7705,2023
7706,2023
7707,2023
7708,2023
7709,2023
7710,2023
7711,2023
7712,2023
7713,2023
7714,2023
7715,2023
7716,2023
7717,2023
7718,2023
7719,2023
7720,2022
7721,2022
7722,2022
7723,2022
7724,2022
7725,2022
7726,2022
7727,2022
7728,2022
7729,2022
7730,2022
7731,2022
7732,2022
7733,2022
7734,2022
7735,2022
7736,2022
7737,2022
7738,2022
7739,2022
7740,2022
7741,2022
7742,2022
7743,2022
7744,2022
7745,2022
7746,2022
7747,2022
7748,2022
7749,2022
7750,2022
7751,2022
7752,2022
7753,2022
7754,2022
7755,2022
7756,2022
7757,2022
7758,2022
7759,2022
7760,2022
7761,2022
7762,2022
7763,2022
7764,2022
7765,2022
7766,2022
7767,2022
7768,2022
7769,2022
7770,2022
7771,2022
7772,2022
7773,2022
7774,2022
7775,2022
7776,2022
7777,2022
7778,2022
7779,2022
7780,2022
7781,2022
7782,2022
7783,2022
7784,2022
7785,2022
7786,2022
7787,2022
7788,2022
7789,2022
7790,2022
7791,2022
7792,2022
7793,2022
7794,2022
7795,2022
7796,2022
7797,2022
7798,2022
7799,2022
7800,2022
7801,2022
7802,2022
7803,2022
7804,2022
7805,2022
7806,2022
7807,2022
7808,2022
7809,2022
7810,2022
7811,2022
7812,2022
7813,2022
7814,2022
7815,2022
7816,2022
7817,2022
7818,2022
7819,2022
7820,2022
7821,2022
7822,2022
7823,2022
7824,2022
7825,2022
7826,2022
7827,2022
7828,2022
7829,2022
7830,2022
7831,2022
7832,2022
7833,2022
7834,2022
7835,2022
7836,2022
7837,2022
7838,2022
7839,2022
7840,2022
7841,2022
7842,2022
7843,2022
7844,2022
7845,2022
7846,2022
7847,2022
7848,2022
7849,2022
7850,2022
7851,2022
7852,2022
7853,2022
7854,2022
7855,2022
7856,2022
7857,2022
7858,2022
7859,2022
7860,2022
7861,2022
7862,2022
7863,2022
7864,2022
7865,2022
7866,2022
7867,2022
7868,2022
7869,2022
7870,2022
7871,2022
7872,2022
7873,2022
7874,2022
7875,2022
7876,2022
7877,2022
7878,2022
7879,2022
7880,2022
7881,2022
7882,2022
7883,2022
7884,2022
7885,2022
7886,2022
7887,2022
7888,2022
7889,2022
7890,2022
7891,2022
7892,2022
7893,2022
7894,2022
7895,2022
7896,2022
7897,2022
7898,2022
7899,2022
7900,2022
7901,2022
7902,2022
7903,2022
7904,2022
7905,2022
7906,2022
7907,2022
7908,2022
7909,2022
7910,2022
7911,2022
7912,2022
7913,2022
7914,2022
7915,2022
7916,2022
7917,2022
7918,2022
7919,2022
7920,2022
7921,2022
7922,2022
7923,2022
7924,2022
7925,2022
7926,2022
7927,2022
7928,2022
7929,2022
7930,2022
7931,2022
7932,2022
7933,2022
7934,2022
7935,2022
7936,2022
7937,2022
7938,2022
7939,2022
7940,2022
7941,2022
7942,2022
7943,2022
7944,2022
7945,2022
7946,2022
7947,2022
7948,2022
7949,2022
7950,2022
7951,2022
7952,2022
7953,2022
7954,2022
7955,2022
7956,2022
7957,2022
7958,2022
7959,2022
7960,2022
7961,2022
7962,2022
7963,2022
7964,2022
7965,2022
7966,2022
7967,2022
7968,2022
7969,2022
7970,2022
7971,2022
7972,2022
7973,2022
7974,2022
7975,2022
7976,2022
7977,2022
7978,2022
7979,2022
7980,2022
7981,2022
7982,2022
7983,2022
7984,2022
7985,2022
7986,2022
7987,2022
7988,2022
7989,2022
7990,2022
7991,2022
7992,2022
7993,2022
7994,2022
7995,2022
7996,2022
7997,2022
7998,2022
7999,2022
8000,2022
8001,2022
8002,2022
8003,2022
8004,2022
8005,2022
8006,2022
8007,2022
8008,2022
8009,2022
8010,2022
8011,2022
8012,2022
8013,2022
8014,2022
8015,2022
8016,2022
8017,2022
8018,2022
8019,2022
8020,2022
8021,2022
8022,2022
8023,2022
8024,2022
8025,2022
8026,2022
8027,2022
8028,2022
8029,2022
8030,2022
8031,2022
8032,2022
8033,2022
8034,2022
8035,2022
8036,2022
8037,2022
8038,2022
8039,2022
8040,2022
8041,2022
8042,2022
8043,2022
8044,2022
8045,2022
8046,2022
8047,2022
8048,2022
8049,2022
8050,2022
8051,2022
8052,2022
8053,2022
8054,2022
8055,2022
8056,2022
8057,2022
8058,2022
8059,2022
8060,2022
8061,2022
8062,2022
8063,2022
8064,2022
8065,2022
8066,2022
8067,2022
8068,2022
8069,2022
8070,2022
8071,2022
8072,2022
8073,2022
8074,2022
8075,2022
8076,2022
8077,2022
8078,2022
8079,2022
8080,2022
8081,2022
8082,2022
8083,2022
8084,2022
8085,2022
8086,2022
8087,2022
8088,2022
8089,2022
8090,2022
8091,2022
8092,2022
8093,2022
8094,2022
8095,2022
8096,2022
8097,2022
8098,2022
8099,2022
8100,2022
8101,2022
8102,2022
8103,2022
8104,2022
8105,2022
8106,2022
8107,2022
8108,2022
8109,2022
8110,2022
8111,2022
8112,2022
8113,2022
8114,2022
8115,2022
8116,2022
8117,2022
8118,2022
8119,2022
8120,2022
8121,2022
8122,2022
8123,2022
8124,2022
8125,2022
8126,2022
8127,2022
8128,2022
8129,2022
8130,2022
8131,2022
8132,2022
8133,2022
8134,2022
8135,2022
8136,2022
8137,2022
8138,2022
8139,2022
8140,2022
8141,2022
8142,2022
8143,2022
8144,2022
8145,2022
8146,2022
8147,2022
8148,2022
8149,2022
8150,2022
8151,2022
8152,2022
8153,2022
8154,2022
8155,2022
8156,2022
8157,2022
8158,2022
8159,2022
8160,2022
8161,2022
8162,2022
8163,2022
8164,2022
8165,2022
8166,2022
8167,2022
8168,2022
8169,2022
8170,2022
8171,2022
8172,2022
8173,2022
8174,2022
8175,2022
8176,2022
8177,2022
8178,2022
8179,2022
8180,2022
8181,2022
8182,2022
8183,2022
8184,2022
8185,2022
8186,2022
8187,2022
8188,2022
8189,2022
8190,2022
8191,2022
8192,2022
8193,2022
8194,2022
8195,2022
8196,2022
8197,2022
8198,2022
8199,2022
8200,2022
8201,2022
8202,2022
8203,2022
8204,2022
8205,2022
8206,2022
8207,2022
8208,2022
8209,2022
8210,2022
8211,2022
8212,2022
8213,2022
8214,2022
8215,2022
8216,2022
8217,2022
8218,2022
8219,2022
8220,2022
8221,2022
8222,2022
8223,2022
8224,2022
8225,2022
8226,2022
8227,2022
8228,2022
8229,2022
8230,2022
8231,2022
8232,2022
8233,2022
8234,2022
8235,2022
8236,2022
8237,2022
8238,2022
8239,2022
8240,2022
8241,2022
8242,2022
8243,2022
8244,2022
8245,2022
8246,2022
8247,2022
8248,2022
8249,2022
8250,2022
8251,2022
8252,2022
8253,2022
8254,2022
8255,2022
8256,2022
8257,2022
8258,2022
8259,2022
8260,2022
8261,2022
8262,2022
8263,2022
8264,2022
8265,2022
8266,2022
8267,2022
8268,2022
8269,2022
8270,2022
8271,2022
8272,2022
8273,2022
8274,2022
8275,2022
8276,2022
8277,2022
8278,2022
8279,2022
8280,2022
8281,2022
8282,2022
8283,2022
8284,2022
8285,2022
8286,2022
8287,2022
8288,2022
8289,2022
8290,2022
8291,2022
8292,2022
8293,2022
8294,2022
8295,2022
8296,2022
8297,2022
8298,2022
8299,2022
8300,2022
8301,2022
8302,2022
8303,2022
8304,2022
8305,2022
8306,2022
8307,2022
8308,2022
8309,2022
8310,2022
8311,2022
8312,2022
8313,2022
8314,2022
8315,2022
8316,2022
8317,2022
8318,2022
8319,2022
8320,2022
8321,2022
8322,2022
8323,2022
8324,2022
8325,2022
8326,2022
8327,2022
8328,2022
8329,2022
8330,2022
8331,2022
8332,2022
8333,2022
8334,2022
8335,2022
8336,2022
8337,2022
8338,2022
8339,2022
8340,2022
8341,2022
8342,2022
8343,2022
8344,2022
8345,2022
8346,2022
8347,2022
8348,2022
8349,2022
8350,2022
8351,2022
8352,2022
8353,2022
8354,2022
8355,2022
8356,2022
8357,2022
8358,2022
8359,2022
8360,2022
8361,2022
8362,2022
8363,2022
8364,2022
8365,2022
8366,2022
8367,2022
8368,2022
8369,2022
8370,2022
8371,2022
8372,2022
8373,2022
8374,2022
8375,2022
8376,2022
8377,2022
8378,2022
8379,2022
8380,2022
8381,2022
8382,2022
8383,2022
8384,2022
8385,2022
8386,2022
8387,2022
8388,2022
8389,2022
8390,2022
8391,2022
8392,2022
8393,2022
8394,2022
8395,2022
8396,2022
8397,2022
8398,2022
8399,2022
8400,2022
8401,2022
8402,2022
8403,2022
8404,2022
8405,2022
8406,2022
8407,2022
8408,2022
8409,2022
8410,2022
8411,2022
8412,2022
8413,2022
8414,2022
8415,2022
8416,2022
8417,2021
8418,2021
8419,2021
8420,2021
8421,2021
8422,2021
8423,2021
8424,2021
8425,2021
8426,2021
8427,2021
8428,2021
8429,2021
8430,2021
8431,2021
8432,2021
8433,2021
8434,2021
8435,2021
8436,2021
8437,2021
8438,2021
8439,2021
8440,2021
8441,2021
8442,2021
8443,2021
8444,2021
8445,2021
8446,2021
8447,2021
8448,2021
8449,2021
8450,2021
8451,2021
8452,2021
8453,2021
8454,2021
8455,2021
8456,2021
8457,2021
8458,2021
8459,2021
8460,2021
8461,2021
8462,2021
8463,2021
8464,2021
8465,2021
8466,2021
8467,2021
8468,2021
8469,2021
8470,2021
8471,2021
8472,2021
8473,2021
8474,2021
8475,2021
8476,2021
8477,2021
8478,2021
8479,2021
8480,2021
8481,2021
8482,2021
8483,2021
8484,2021
8485,2021
8486,2021
8487,2021
8488,2021
8489,2021
8490,2021
8491,2021
8492,2021
8493,2021
8494,2021
8495,2021
8496,2021
8497,2021
8498,2021
8499,2021
8500,2021
8501,2021
8502,2021
8503,2021
8504,2021
8505,2021
8506,2021
8507,2021
8508,2021
8509,2021
8510,2021
8511,2021
8512,2021
8513,2021
8514,2021
8515,2021
8516,2021
8517,2021
8518,2021
8519,2021
8520,2021
8521,2021
8522,2021
8523,2021
8524,2021
8525,2021
8526,2021
8527,2021
8528,2021
8529,2021
8530,2021
8531,2021
8532,2021
8533,2021
8534,2021
8535,2021
8536,2021
8537,2021
8538,2021
8539,2021
8540,2021
8541,2021
8542,2021
8543,2021
8544,2021
8545,2021
8546,2021
8547,2021
8548,2021
8549,2021
8550,2021
8551,2021
8552,2021
8553,2021
8554,2021
8555,2021
8556,2021
8557,2021
8558,2021
8559,2021
8560,2021
8561,2021
8562,2021
8563,2021
8564,2021
8565,2021
8566,2021
8567,2021
8568,2021
8569,2021
8570,2021
8571,2021
8572,2021
8573,2021
8574,2021
8575,2021
8576,2021
8577,2021
8578,2021
8579,2021
8580,2021
8581,2021
8582,2021
8583,2021
8584,2021
8585,2021
8586,2021
8587,2021
8588,2021
8589,2021
8590,2021
8591,2021
8592,2021
8593,2021
8594,2021
8595,2021
8596,2021
8597,2021
8598,2021
8599,2021
8600,2021
8601,2021
8602,2021
8603,2021
8604,2021
8605,2021
8606,2021
8607,2021
8608,2021
8609,2021
8610,2021
8611,2021
8612,2021
8613,2021
8614,2021
8615,2021
8616,2021
8617,2021
8618,2021
8619,2021
8620,2021
8621,2021
8622,2021
8623,2021
8624,2021
8625,2021
8626,2021
8627,2021
8628,2021
8629,2021
8630,2021
8631,2021
8632,2021
8633,2021
8634,2021
8635,2021
8636,2021
8637,2021
8638,2021
8639,2021
8640,2021
8641,2021
8642,2021
8643,2021
8644,2021
8645,2021
8646,2021
8647,2021
8648,2021
8649,2021
8650,2021
8651,2021
8652,2021
8653,2021
8654,2021
8655,2021
8656,2021
8657,2021
8658,2021
8659,2021
8660,2021
8661,2021
8662,2021
8663,2021
8664,2021
8665,2021
8666,2021
8667,2021
8668,2021
8669,2021
8670,2021
8671,2021
8672,2021
8673,2021
8674,2021
8675,2021
8676,2021
8677,2021
8678,2021
8679,2021
8680,2021
8681,2021
8682,2021
8683,2021
8684,2021
8685,2021
8686,2021
8687,2021
8688,2021
8689,2021
8690,2021
8691,2021
8692,2021
8693,2021
8694,2021
8695,2021
8696,2021
8697,2021
8698,2021
8699,2021
8700,2021
8701,2021
8702,2021
8703,2021
8704,2021
8705,2021
8706,2021
8707,2021
8708,2021
8709,2021
8710,2021
8711,2021
8712,2021
8713,2021
8714,2021
8715,2021
8716,2021
8717,2021
8718,2021
8719,2021
8720,2021
8721,2021
8722,2021
8723,2021
8724,2021
8725,2021
8726,2021
8727,2021
8728,2021
8729,2021
8730,2021
8731,2021
8732,2021
8733,2021
8734,2021
8735,2021
8736,2021
8737,2021
8738,2021
8739,2021
8740,2021
8741,2021
8742,2021
8743,2021
8744,2021
8745,2021
8746,2021
8747,2021
8748,2021
8749,2021
8750,2021
8751,2021
8752,2021
8753,2021
8754,2021
8755,2021
8756,2021
8757,2021
8758,2021
8759,2021
8760,2021
8761,2021
8762,2021
8763,2021
8764,2021
8765,2021
8766,2021
8767,2021
8768,2021
8769,2021
8770,2021
8771,2021
8772,2021
8773,2021
8774,2021
8775,2021
8776,2021
8777,2021
8778,2021
8779,2021
8780,2021
8781,2021
8782,2021
8783,2021
8784,2021
8785,2021
8786,2021
8787,2021
8788,2021
8789,2021
8790,2021
8791,2021
8792,2021
8793,2021
8794,2021
8795,2021
8796,2021
8797,2021
8798,2021
8799,2021
8800,2021
8801,2021
8802,2021
8803,2021
8804,2021
8805,2021
8806,2021
8807,2021
8808,2021
8809,2021
8810,2021
8811,2021
8812,2021
8813,2021
8814,2021
8815,2021
8816,2021
8817,2021
8818,2021
8819,2021
8820,2021
8821,2021
8822,2021
8823,2021
8824,2021
8825,2021
8826,2021
8827,2021
8828,2021
8829,2021
8830,2021
8831,2021
8832,2021
8833,2021
8834,2021
8835,2021
8836,2021
8837,2021
8838,2021
8839,2021
8840,2021
8841,2021
8842,2021
8843,2021
8844,2021
8845,2021
8846,2021
8847,2021
8848,2021
8849,2021
8850,2021
8851,2021
8852,2021
8853,2021
8854,2021
8855,2021
8856,2021
8857,2021
8858,2021
8859,2021
8860,2021
8861,2021
8862,2021
8863,2021
8864,2021
8865,2021
8866,2021
8867,2021
8868,2021
8869,2021
8870,2021
8871,2021
8872,2021
8873,2021
8874,2021
8875,2021
8876,2021
8877,2021
8878,2021
8879,2021
8880,2021
8881,2021
8882,2021
8883,2021
8884,2021
8885,2021
8886,2021
8887,2021
8888,2021
8889,2021
8890,2021
8891,2021
8892,2021
8893,2021
8894,2021
8895,2021
8896,2021
8897,2021
8898,2021
8899,2021
8900,2021
8901,2021
8902,2021
8903,2021
8904,2021
8905,2021
8906,2021
8907,2021
8908,2021
8909,2021
8910,2021
8911,2021
8912,2021
8913,2021
8914,2021
8915,2021
8916,2021
8917,2021
8918,2021
8919,2021
8920,2021
8921,2021
8922,2021
8923,2021
8924,2021
8925,2021
8926,2021
8927,2021
8928,2021
8929,2021
8930,2021
8931,2021
8932,2021
8933,2021
8934,2021
8935,2021
8936,2021
8937,2021
8938,2021
8939,2021
8940,2021
8941,2021
8942,2021
8943,2021
8944,2021
8945,2021
8946,2021
8947,2021
8948,2021
8949,2021
8950,2021
8951,2021
8952,2021
8953,2021
8954,2021
8955,2021
8956,2021
8957,2021
8958,2021
8959,2021
8960,2021
8961,2021
8962,2021
8963,2021
8964,2021
8965,2021
8966,2021
8967,2021
8968,2021
8969,2021
8970,2021
8971,2021
8972,2021
8973,2021
8974,2021
8975,2021
8976,2021
8977,2021
8978,2021
8979,2021
8980,2021
8981,2021
8982,2021
8983,2021
8984,2021
8985,2021
8986,2021
8987,2021
8988,2021
8989,2021
8990,2021
8991,2021
8992,2021
8993,2021
8994,2021
8995,2021
8996,2021
8997,2021
8998,2021
8999,2021
9000,2021
9001,2021
9002,2021
9003,2021
9004,2021
9005,2021
9006,2021
9007,2021
9008,2021
9009,2021
9010,2021
9011,2021
9012,2021
9013,2021
9014,2021
9015,2021
9016,2021
9017,2021
9018,2021
9019,2021
9020,2021
9021,2021
9022,2021
9023,2021
9024,2021
9025,2021
9026,2021
9027,2021
9028,2021
9029,2021
9030,2021
9031,2021
9032,2021
9033,2021
9034,2021
9035,2021
9036,2021
9037,2021
9038,2021
9039,2021
9040,2021
9041,2021
9042,2021
9043,2021
9044,2021
9045,2021
9046,2021
9047,2021
9048,2021
9049,2021
9050,2021
9051,2021
9052,2021
9053,2021
9054,2021
9055,2021
9056,2021
9057,2021
9058,2021
9059,2021
9060,2021
9061,2021
9062,2021
9063,2021
9064,2021
9065,2021
9066,2021
9067,2021
9068,2021
9069,2021
9070,2021
9071,2021
9072,2021
9073,2021
9074,2021
9075,2021
9076,2021
9077,2021
9078,2021
9079,2021
9080,2021
9081,2021
9082,2021
9083,2021
9084,2021
9085,2021
9086,2021
9087,2021
9088,2021
9089,2021
9090,2021
9091,2021
9092,2021
9093,2021
9094,2021
9095,2021
9096,2021
9097,2021
9098,2021
9099,2021
9100,2021
9101,2021
9102,2021
9103,2021
9104,2021
9105,2021
9106,2021
9107,2021
9108,2021
9109,2021
9110,2021
9111,2021
9112,2021
9113,2021
9114,2021
9115,2021
9116,2021
9117,2021
9118,2021
9119,2021
9120,2021
9121,2021
9122,2021
9123,2021
9124,2021
9125,2021
9126,2021
9127,2021
9128,2021
9129,2021
9130,2021
9131,2021
9132,2021
9133,2021
9134,2021
9135,2021
9136,2021
9137,2021
9138,2021
